-- phpMyAdmin SQL Dump
-- version 4.8.3
-- https://www.phpmyadmin.net/
--
-- 主机： 127.0.0.1
-- 生成日期： 2019-08-09 05:32:55
-- 服务器版本： 10.1.36-MariaDB
-- PHP 版本： 7.2.11

SET SQL_MODE = "NO_AUTO_VALUE_ON_ZERO";
SET AUTOCOMMIT = 0;
START TRANSACTION;
SET time_zone = "+00:00";


/*!40101 SET @OLD_CHARACTER_SET_CLIENT=@@CHARACTER_SET_CLIENT */;
/*!40101 SET @OLD_CHARACTER_SET_RESULTS=@@CHARACTER_SET_RESULTS */;
/*!40101 SET @OLD_COLLATION_CONNECTION=@@COLLATION_CONNECTION */;
/*!40101 SET NAMES utf8mb4 */;

--
-- 数据库： `data`
--

-- --------------------------------------------------------

--
-- 表的结构 `admin`
--

CREATE TABLE `admin` (
  `admin_id` int(10) NOT NULL,
  `admin_name` varchar(50) NOT NULL,
  `password` varchar(50) NOT NULL,
  `sid` int(10) NOT NULL COMMENT '关联section id',
  `level` int(10) NOT NULL COMMENT '权限'
) ENGINE=InnoDB DEFAULT CHARSET=utf8;

--
-- 转存表中的数据 `admin`
--

INSERT INTO `admin` (`admin_id`, `admin_name`, `password`, `sid`, `level`) VALUES
(1, 'admin', '111111', 0, 0),
(2, 'admin2', '111111', 2, 0),
(3, 'admin3', '111111', 3, 0);

-- --------------------------------------------------------

--
-- 表的结构 `issue`
--

CREATE TABLE `issue` (
  `issue_id` int(10) NOT NULL,
  `pid` int(10) NOT NULL COMMENT '关联pid',
  `title` varchar(50) NOT NULL COMMENT '日志标题',
  `content` text NOT NULL COMMENT '日志内容',
  `submit_time` timestamp NOT NULL DEFAULT CURRENT_TIMESTAMP COMMENT '上传时间'
) ENGINE=InnoDB DEFAULT CHARSET=utf8;

--
-- 转存表中的数据 `issue`
--

INSERT INTO `issue` (`issue_id`, `pid`, `title`, `content`, `submit_time`) VALUES
(1, 2, '2018冬测试项目用户01内容', '2018冬测试项目用户01内容sfasdfasdfsafdsafasdfasdfsadfsadfasdfa', '2019-04-06 15:01:24'),
(2, 2, '2018冬测试项目用户01内容2', '2018冬测试项目用户01内容2weqgrtbernnynytmtymymymtmymytmytumytum', '2019-04-06 15:02:01'),
(3, 4, 'Add Issue to 2018冬测试项目用户01::1', 'Add Issue to 2018冬测试项目用户01::1  XXXXXXXXXXXXXXXXXXXX', '2019-04-07 09:48:39'),
(4, 2, 'ddd', '', '2019-06-01 09:17:04'),
(5, 17, 'ddd', '', '2019-06-01 09:24:46'),
(6, 2, 'test', '', '2019-06-01 09:27:06'),
(7, 7, '', '', '2019-06-01 09:29:10'),
(8, 7, 'sss', '<p>ssss</p>', '2019-06-01 09:29:42');

-- --------------------------------------------------------

--
-- 表的结构 `project`
--

CREATE TABLE `project` (
  `pid` int(10) NOT NULL,
  `pname` varchar(50) NOT NULL COMMENT '项目名称',
  `stu_id` varchar(50) NOT NULL COMMENT '关联stu_id',
  `sid` int(10) NOT NULL COMMENT 'attribute id 关联',
  `content` text NOT NULL COMMENT '项目内容',
  `submit_time` timestamp NOT NULL DEFAULT CURRENT_TIMESTAMP COMMENT '提交时间'
) ENGINE=InnoDB DEFAULT CHARSET=utf8;

--
-- 转存表中的数据 `project`
--

INSERT INTO `project` (`pid`, `pname`, `stu_id`, `sid`, `content`, `submit_time`) VALUES
(1, '2018冬测试项目用户01', '1', 1, '2018冬测试项目用户01内容', '2019-04-06 14:52:36'),
(2, '2019春测试项目用户01', '01', 2, '2019春测试项目用户01内容', '2019-04-06 14:54:51'),
(3, '2019秋测试项目用户01', '01', 3, '2019夏测试项目用户01内容', '2019-04-06 14:56:03'),
(4, '2018冬测试项目用户02', '02', 2, '2018冬测试项目用户02内容', '2019-04-06 14:58:32'),
(5, '2019春测试项目用户02', '02', 2, '2019春测试项目用户02内容', '2019-04-06 14:59:06'),
(6, '2019夏测试项目用户02', '02', 2, '2019夏测试项目用户02内容', '2019-04-06 14:59:39'),
(7, '2018秋1', '01', 4, '208秋1sjdajdlsjdlsadlajsdpoajdpasjdas', '2019-05-17 13:47:18'),
(17, '测试水水水水', '01', 3, '<p>测试</p>', '2019-05-19 17:14:46'),
(18, 'test', '01', 2, '<p>ddd</p><p>ddd</p>', '2019-05-20 03:56:22'),
(19, 'admin22222', '01', 3, '<p>w222</p>', '2019-05-20 04:00:24'),
(20, 'test2019', '01', 1, '<p>测试&nbsp;</p>', '2019-05-20 04:20:09'),
(21, '哇哇哇哇', '01', 1, '<p>提供的</p>', '2019-05-23 13:22:21'),
(22, '嗯嗯', '01', 1, '<p>222 的</p>', '2019-05-23 13:39:20'),
(34, '', '02', 2, '<p>lrkgjslk rjewlk</p>', '2019-05-25 02:32:55'),
(35, '', '02', 2, '<p>fees方式德国人而是</p>', '2019-05-25 02:34:53'),
(36, 'sss', '01', 2, '<p>sss</p>', '2019-06-01 09:17:11'),
(37, 'testfor45', '', 1, '111111', '2019-08-07 08:18:56'),
(38, 'testfor45', '', 1, '111111', '2019-08-07 08:18:58'),
(39, 'testfor45_2', '', 1, '11', '2019-08-07 08:21:32'),
(40, 'test45_2', '', 1, '1111111111', '2019-08-07 08:22:04'),
(41, '2323', '', 1, '11', '2019-08-07 08:22:40'),
(42, '343434', '', 1, '11212', '2019-08-07 08:26:24'),
(43, '2222222', '45', 1, '111', '2019-08-07 08:30:40'),
(44, '3434', '45', 0, '<p>12121212</p>', '2019-08-07 08:51:04'),
(45, '用户1的项目给2018秋', '01', 0, '<p>测试内容</p>', '2019-08-07 11:23:30');

-- --------------------------------------------------------

--
-- 表的结构 `section`
--

CREATE TABLE `section` (
  `sid` int(10) NOT NULL,
  `classname` varchar(50) NOT NULL,
  `content` text NOT NULL COMMENT 'class 内容',
  `build_time` timestamp NOT NULL DEFAULT CURRENT_TIMESTAMP
) ENGINE=InnoDB DEFAULT CHARSET=utf8;

--
-- 转存表中的数据 `section`
--

INSERT INTO `section` (`sid`, `classname`, `content`, `build_time`) VALUES
(1, '2018秋', 'this is 2018 autumn random detail/////\r\n\r\nthis is lorem detailLorem ipsum, dolor sit amet consectetur adipisicing elit. Dicta quo laborum saepe magnam exercitationem ipsam nisi ullam tempora quae minus fugit ea perferendis fuga voluptatibus magni quam aspernatur, aut architecto!Lorem ipsum, dolor sit amet consectetur adipisicing elit. Dicta quo laborum saepe magnam exercitationem ipsam nisi ullam tempora quae minus fugit ea perferendis fuga voluptatibus magni quam aspernatur, aut architecto!Lorem ipsum, dolor sit amet consectetur adipisicing elit. Dicta quo laborum saepe magnam exercitationem ipsam nisi ullam tempora quae minus fugit ea perferendis fuga voluptatibus magni quam aspernatur, aut architecto!Lorem ipsum, dolor sit amet consectetur adipisicing elit. Dicta quo laborum saepe magnam exercitationem ipsam nisi ullam tempora quae minus fugit ea perferendis fuga voluptatibus magni quam aspernatur, aut architecto!Lorem ipsum, dolor sit amet consectetur adipisicing elit. Dicta quo laborum saepe magnam exercitationem ipsam nisi ullam tempora quae minus fugit ea perferendis fuga voluptatibus magni quam aspernatur, aut architecto!', '2019-04-06 15:35:11'),
(2, '2019春', 'this is 2019 spring random detail/////\r\n\r\nasdasddasdasdaasLorem ipsum, dolor sit amet consectetur adipisicing elit. Dicta quo laborum saepe magnam exercitationem ipsam nisi ullam tempora quae minus fugit ea perferendis fuga voluptatibus magni quam aspernatur, aut architecto!Lorem ipsum, dolor sit amet consectetur adipisicing elit. Dicta quo laborum saepe magnam exercitationem ipsam nisi ullam tempora quae minus fugit ea perferendis fuga voluptatibus magni quam aspernatur, aut architecto!Lorem ipsum, dolor sit amet consectetur adipisicing elit. Dicta quo laborum saepe magnam exercitationem ipsam nisi ullam tempora quae minus fugit ea perferendis fuga voluptatibus magni quam aspernatur, aut architecto!Lorem ipsum, dolor sit amet consectetur adipisicing elit. Dicta quo laborum saepe magnam exercitationem ipsam nisi ullam tempora quae minus fugit ea perferendis fuga voluptatibus magni quam aspernatur, aut architecto!Lorem ipsum, dolor sit amet consectetur adipisicing elit. Dicta quo laborum saepe magnam exercitationem ipsam nisi ullam tempora quae minus fugit ea perferendis fuga voluptatibus magni quam aspernatur, aut architecto!d', '2019-04-06 15:35:13'),
(3, '2019夏', 'this is 2019 summer random detail/////\r\n\r\nsafadfdfasdfasdfLorem ipsum, dolor sit amet consectetur adipisicing elit. Dicta quo laborum saepe magnam exercitationem ipsam nisi ullam tempora quae minus fugit ea perferendis fuga voluptatibus magni quam aspernatur, aut architecto!Lorem ipsum, dolor sit amet consectetur adipisicing elit. Dicta quo laborum saepe magnam exercitationem ipsam nisi ullam tempora quae minus fugit ea perferendis fuga voluptatibus magni quam aspernatur, aut architecto!Lorem ipsum, dolor sit amet consectetur adipisicing elit. Dicta quo laborum saepe magnam exercitationem ipsam nisi ullam tempora quae minus fugit ea perferendis fuga voluptatibus magni quam aspernatur, aut architecto!Lorem ipsum, dolor sit amet consectetur adipisicing elit. Dicta quo laborum saepe magnam exercitationem ipsam nisi ullam tempora quae minus fugit ea perferendis fuga voluptatibus magni quam aspernatur, aut architecto!Lorem ipsum, dolor sit amet consectetur adipisicing elit. Dicta quo laborum saepe magnam exercitationem ipsam nisi ullam tempora quae minus fugit ea perferendis fuga voluptatibus magni quam aspernatur, aut architecto!', '2019-04-06 15:35:33');

-- --------------------------------------------------------

--
-- 表的结构 `testdata`
--

CREATE TABLE `testdata` (
  `id` int(11) NOT NULL,
  `name` text CHARACTER SET utf8mb4 COLLATE utf8mb4_bin NOT NULL,
  `status` int(11) NOT NULL
) ENGINE=InnoDB DEFAULT CHARSET=latin1;

--
-- 转存表中的数据 `testdata`
--

INSERT INTO `testdata` (`id`, `name`, `status`) VALUES
(11, 'fsadffs', 1),
(12, 'asfdfsadf', 1),
(13, 'lly', 1),
(14, '23132123', 1),
(15, '123124234', 1);

-- --------------------------------------------------------

--
-- 表的结构 `user`
--

CREATE TABLE `user` (
  `uid` int(10) NOT NULL,
  `username` varchar(50) NOT NULL COMMENT '用户名',
  `stu_id` varchar(50) NOT NULL COMMENT '学号',
  `realname` varchar(50) NOT NULL,
  `gender` varchar(11) NOT NULL,
  `date` date NOT NULL DEFAULT '1950-01-01',
  `nation` varchar(50) NOT NULL,
  `nativeplace` varchar(100) NOT NULL,
  `political` varchar(20) NOT NULL,
  `college` varchar(20) NOT NULL,
  `grade` varchar(20) NOT NULL,
  `majorset` varchar(30) NOT NULL,
  `eduset` varchar(20) NOT NULL,
  `phone` varchar(15) NOT NULL,
  `email` varchar(40) NOT NULL,
  `eduback` text NOT NULL,
  `ug_exp` text NOT NULL,
  `other_exp` text NOT NULL,
  `image` text NOT NULL
) ENGINE=InnoDB DEFAULT CHARSET=utf8;

--
-- 转存表中的数据 `user`
--

INSERT INTO `user` (`uid`, `username`, `stu_id`, `realname`, `gender`, `date`, `nation`, `nativeplace`, `political`, `college`, `grade`, `majorset`, `eduset`, `phone`, `email`, `eduback`, `ug_exp`, `other_exp`, `image`) VALUES
(1, '用户1', '01', '张三', 'Female', '2017-05-11', '蒙古族', '上海', '民建会员', '上海交通大学', '大二', '计算机科学', '无', '999', '333@1', '背景1', '背景2', '背景3', 'data:image/jpeg;base64,/9j/4AAQSkZJRgABAQEBLAEsAAD/4Q7+RXhpZgAATU0AKgAAAAgAEAEAAAMAAAABDGAAAAEBAAMAAAABEpAAAAECAAMAAAADAAAAzgEGAAMAAAABAAIAAAEPAAIAAAAGAAAA1AEQAAIAAAAOAAAA2gESAAMAAAABAAEAAAEVAAMAAAABAAMAAAEaAAUAAAABAAAA6AEbAAUAAAABAAAA8AEoAAMAAAABAAIAAAExAAIAAAAiAAAA+AEyAAIAAAAUAAABGgITAAMAAAABAAIAAIdpAAQAAAABAAABLoglAAQAAAABAAAEQgAABFYACAAIAAhDYW5vbgBDYW5vbiBFT1MgNTBEAAAtxsAAACcQAC3GwAAAJxBBZG9iZSBQaG90b3Nob3AgQ0MgMjAxNyAoV2luZG93cykAMjAxODowODoyOSAxNTowNTowNwAAH4KaAAUAAAABAAACqIKdAAUAAAABAAACsIgiAAMAAAABAAEAAIgnAAMAAAABAH0AAJAAAAcAAAAEMDIyMZADAAIAAAAUAAACuJAEAAIAAAAUAAACzJEBAAcAAAAEAQIDAJIBAAoAAAABAAAC4JICAAUAAAABAAAC6JIEAAoAAAABAAAC8JIFAAUAAAABAAAC+JIHAAMAAAABAAMAAJIJAAMAAAABABAAAJIKAAUAAAABAAADAJKGAAcAAAEIAAADCJKQAAIAAAADNzgAAJKRAAIAAAADNzgAAJKSAAIAAAADNzgAAKAAAAcAAAAEMDEwMKABAAMAAAABAAEAAKACAAQAAAABAAABJ6ADAAQAAAABAAABnaAFAAQAAAABAAAEEKIOAAUAAAABAAAEMKIPAAUAAAABAAAEOKIQAAMAAAABAAIAAKQBAAMAAAABAAAAAKQCAAMAAAABAAEAAKQDAAMAAAABAAAAAKQGAAMAAAABAAAAAAAAAAAAAAABAAAAfQAAAEcAAAAKMjAxODowODoyOSAxNDo0NjozMQAyMDE4OjA4OjI5IDE0OjQ2OjMxAAAHAAAAAQAAAAWgAAABAAAAAAAAAAAAAQAAAK8AAABkAAAAMgAAAAEAAAAAAAAAAAAAAAAAAAAAAAAAAAAAAAAAAAAAAAAAAAAAAAAAAAAAAAAAAAAAAAAAAAAAAAAAAAAAAAAAAAAAAAAAAAAAAAAAAAAAAAAAAAAAAAAAAAAAAAAAAAAAAAAAAAAAAAAAAAAAAAAAAAAAAAAAAAAAAAAAAAAAAAAAAAAAAAAAAAAAAAAAAAAAAAAAAAAAAAAAAAAAAAAAAAAAAAAAAAAAAAAAAAAAAAAAAAAAAAAAAAAAAAAAAAAAAAAAAAAAAAAAAAAAAAAAAAAAAAAAAAAAAAAAAAAAAAAAAAAAAAAAAAAAAAAAAAAAAAAAAAAAAAAAAAAAAAAAAAAAAAAAAAAAAAAAAgABAAIAAAAEUjk4AAACAAcAAAAEMDEwMAAAAAAAAABIgoAAAAN+ADBXAAAAAlUAAAABAAAAAQAAAAQCAgAAAAAAAAAAAAYBAwADAAAAAQAGAAABGgAFAAAAAQAABKQBGwAFAAAAAQAABKwBKAADAAAAAQACAAACAQAEAAAAAQAABLQCAgAEAAAAAQAACkIAAAAAAAAASAAAAAEAAABIAAAAAf/Y/9sAQwAIBgYHBgUIBwcHCQkICgwUDQwLCwwZEhMPFB0aHx4dGhwcICQuJyAiLCMcHCg3KSwwMTQ0NB8nOT04MjwuMzQy/9sAQwEJCQkMCwwYDQ0YMiEcITIyMjIyMjIyMjIyMjIyMjIyMjIyMjIyMjIyMjIyMjIyMjIyMjIyMjIyMjIyMjIyMjIy/8AAEQgAdwBVAwEhAAIRAQMRAf/EAB8AAAEFAQEBAQEBAAAAAAAAAAABAgMEBQYHCAkKC//EALUQAAIBAwMCBAMFBQQEAAABfQECAwAEEQUSITFBBhNRYQcicRQygZGhCCNCscEVUtHwJDNicoIJChYXGBkaJSYnKCkqNDU2Nzg5OkNERUZHSElKU1RVVldYWVpjZGVmZ2hpanN0dXZ3eHl6g4SFhoeIiYqSk5SVlpeYmZqio6Slpqeoqaqys7S1tre4ubrCw8TFxsfIycrS09TV1tfY2drh4uPk5ebn6Onq8fLz9PX29/j5+v/EAB8BAAMBAQEBAQEBAQEAAAAAAAABAgMEBQYHCAkKC//EALURAAIBAgQEAwQHBQQEAAECdwABAgMRBAUhMQYSQVEHYXETIjKBCBRCkaGxwQkjM1LwFWJy0QoWJDThJfEXGBkaJicoKSo1Njc4OTpDREVGR0hJSlNUVVZXWFlaY2RlZmdoaWpzdHV2d3h5eoKDhIWGh4iJipKTlJWWl5iZmqKjpKWmp6ipqrKztLW2t7i5usLDxMXGx8jJytLT1NXW19jZ2uLj5OXm5+jp6vLz9PX29/j5+v/aAAwDAQACEQMRAD8Asd6UV92fGD80oqQFFPpMYlITQA0mmk4poBu6inYBQOacFNDYgxxS7lRSzEAAZJJ6UgOd1Pxrp2mzmLBmIB5iIPI/yfyNZyfEizMh32cgT5cYbJ5HPbsa4auPpU58rPRp5dUnHmvY6LTvEWmaqcW1wN3Ta4wa066oTjOPNF3RxVKcqcuWa1Gn1qJjWqMyMt70VpYZOKcKyYgd1RCxIAAzzXnXifxHJqLGztHeOJWO5lP3/wBM9e/HeuLG1/ZUtN2d+X0Pa1bvZHNw6Rd3jgRxkkdepPtUknhrUYuPIYnHOO3+cGvmHUV9T6dUpWukVRaXtnIH2SxOpyGGQRXeeGfGKTwraalIFmGAkrfx/U+tepluIUZ8jejPMzHCucLpao7Emom6V9Ej5wjPWirGWUp9ZMRx3jnUGjjtrGJmV5D5jFSQcDI7de/5VQ8HeGTqlxJcTAG3iOOf4m/+t/Wvmc3rP2jXY+pyij+6Xmeo2Hh2FIwI0wO52jJrVt/DVomNkW31Ock/Umvn3J3PorImufC1jJatE9uhVhyCo/z614h4z8LDw/q4hiD+XKu+JwOM9x/n17104ao4zOXEQUoXOs0G+kv9Et55dvmY2sF9RxV1zX3tKXNBS7o+DqwUKkoroyIk0VqQXFFOA4rJknn3jxx/bVmpX7sW7PqCTx+n616H4IsFtvDlqMbd4MjZ9Sa+Qzh3rv8ArofZ5OrUU/L9TvbGBjHx0rRigxXk8p6jkguJraEiOWeNXIyFLDd+VcD8StCXV/DjXEIV2tyZAQe3fFWrxkmR8UWjgfBDudEljb/lnMQPyBroWzX3uDd6EPQ+FxitiJepE2c9KK6jA0Vry/xb4u1zS/E95Z2d95VvHs2J5SHGUUnkgnqTXk5lXqUaSlTdnf8ARnXl9GFaq4zV1b/I5TUPEOqapMk17ciWRBtU+WgwPwFaifEPxVHbLbJqm2FFChRbxdB/wGvma05Vpc89WfS0f3MeSnohbf4ieKrSbzrfVPLlPV1t4sn6/LzWj/wuHx5jH9u9f+nSD/4is3FM09rPuVk+KPjFG3LqqA5zn7HB/wDEUs/xT8Z3NrJbS6wGhkUq6/ZIRkHr0SjkQe1n3Mez8V61YIyWt4Iw53N+5Q5P4rXQ+FfFWtan4ktLO7vfMgk37k8pBnCMRyBnqBXqYTHV1UhSUvdulsu55mKwlFwnUa1s317Ho5XNFfWHzheA4rxTx7/yOuof9s//AEWteJm/8Bev6M9LKv4z9P1RzdFfOH0AUUAFFABXQ+Bv+RxsP+2n/otq6ML/AB4eq/MxxP8ABn6P8j2PAor7U+SLea5bVvAml61qk2oXFxeLLNt3CN1CjCgcZU+lcWJw0MRDkn66G+HxEqEuaJTHwv0Tvdah/wB/E/8AiK1bH4R+FL65EKXWsp8m4lp4uv8A37rxsblipU3Upvbe57OBzD21T2dVava36mnL8DPC0ce7+0NXznGDNF/8botvgV4ZlXMmoasp6YE0f/xuvC9oz31h4l1PgB4TJw2o6znHaaL/AON1k+IPgr4X0mCEwX+rNLIx4eWMjAHPSMe1dOEj7etGm+pyYy1CjKouhz//AAq/Rf8An61D/v4n/wARVnS/AumaNqUN/bz3jSxbtokdSvIIOcKPWvpKWVUYTU03dO/T/I+cnmdacXFpa+v+Z0WKK9Y84sZHelBrMBc1asJmgvoZF7Nj8DxWNePNSlF9UzbDy5a0ZLo0dVeQrf2xhMskYJB3RuVPHuOaLHSI0jWPa7dtwmcH+dfAp2P0OFTlRsQWsNpkoDuIxnPauU8XyOdTiRidohBC56ZJ/wABXqZMk8UvRnjZ1JvDN+aOdLcVGxBNfYpHx4zAoqgJcUoqAHDFSbJFfGxg/oRWNatTpR5qjsjahQq1pctNXZ2SKcA+oq9bLJ/Cp29iMV8AfoF7GgqZOW7VyPjK1l+0xXSqTGE2sR/DycZ/OvSympGGKjfroeXmsJVMLLl6anJlqYWr7ZI+NE3UUwLtlZXV/N5NrA8z4yQo6D1J6AfWuv07wKWUPf3BGR/q4e31Y/0H415uNx0aHurWR34PAuv70tIm7NoVlZadIbOBYZQRiUcuMkZG481h/wBmJH0QD6CvlMVWnVleTufVYSnClDlgrFmNMKF9BVuzDLkBvlPauI7Ll8HsKc9usq/MAaqJD0Mebwhp17KqNG0O7gNDhcYBPTGD/PpXPar4B1KyjaW0db2NRkqi7X7k4XnP4HJz0r6TL81kkoV9V3/zPnsflsW+ejp5f5HINkMQcgiivpDwLHuljp1tY2yw28KRxr0VR+vufc81c2jFfCznKcnJn18YqK5VsRTx+ZBIgAJK8Z9e1c9IHz92sKh00ew0whgCAQ1WEt9vPrXOzpTsWkUAZJxUgkQdDmrjoRJNlm2+Z2bGFAx9T/n+dWe9dEdjln8Riap4T0nV7r7TcQMs2MM0Tbd319T7/wD1qK9GnmeIpwUE9EcM8DRnJya3NsdTS1551iH1qncW4DFwCQTzSlqi6bsyr5Yz0pXUnGOAK52jqT7jRHU8EGeFxnvntVQihTnZGgqhVAHalrc4wooAanSlzzTYC0lICF7ZG6fL/KmG1bPDA1Dgaqp3FFqM8v8AkKsKqoMKMCqUbEym5C0UyAooArxP88sfdW/nz/Wpl6fjTYDqKQBSHigBe1FABRQAUUAf/9n/7RGCUGhvdG9zaG9wIDMuMAA4QklNBAQAAAAAACwcAVoAAxslRxwCAAACAAAcAjcACDIwMTgwODI5HAI8AAsxNDQ2MzErMDAwMDhCSU0EJQAAAAAAEKJLz0RKTFBnVKOGZIFSxAQ4QklNBDoAAAAAAP8AAAAQAAAAAQAAAAAAC3ByaW50T3V0cHV0AAAABQAAAABQc3RTYm9vbAEAAAAASW50ZWVudW0AAAAASW50ZQAAAABJbWcgAAAAD3ByaW50U2l4dGVlbkJpdGJvb2wAAAAAC3ByaW50ZXJOYW1lVEVYVAAAABUARQBQAFMATwBOACAAVwBGAC0ANwA3ADEAMAAgAFMAZQByAGkAZQBzAAAAAAAPcHJpbnRQcm9vZlNldHVwT2JqYwAAAAVoIWg3i75/bgAAAAAACnByb29mU2V0dXAAAAABAAAAAEJsdG5lbnVtAAAADGJ1aWx0aW5Qcm9vZgAAAAlwcm9vZkNNWUsAOEJJTQQ7AAAAAAItAAAAEAAAAAEAAAAAABJwcmludE91dHB1dE9wdGlvbnMAAAAXAAAAAENwdG5ib29sAAAAAABDbGJyYm9vbAAAAAAAUmdzTWJvb2wAAAAAAENybkNib29sAAAAAABDbnRDYm9vbAAAAAAATGJsc2Jvb2wAAAAAAE5ndHZib29sAAAAAABFbWxEYm9vbAAAAAAASW50cmJvb2wAAAAAAEJja2dPYmpjAAAAAQAAAAAAAFJHQkMAAAADAAAAAFJkICBkb3ViQG/gAAAAAAAAAAAAR3JuIGRvdWJAb+AAAAAAAAAAAABCbCAgZG91YkBv4AAAAAAAAAAAAEJyZFRVbnRGI1JsdAAAAAAAAAAAAAAAAEJsZCBVbnRGI1JsdAAAAAAAAAAAAAAAAFJzbHRVbnRGI1B4bEBywAAAAAAAAAAACnZlY3RvckRhdGFib29sAQAAAABQZ1BzZW51bQAAAABQZ1BzAAAAAFBnUEMAAAAATGVmdFVudEYjUmx0AAAAAAAAAAAAAAAAVG9wIFVudEYjUmx0AAAAAAAAAAAAAAAAU2NsIFVudEYjUHJjQFkAAAAAAAAAAAAQY3JvcFdoZW5QcmludGluZ2Jvb2wAAAAADmNyb3BSZWN0Qm90dG9tbG9uZwAAAAAAAAAMY3JvcFJlY3RMZWZ0bG9uZwAAAAAAAAANY3JvcFJlY3RSaWdodGxvbmcAAAAAAAAAC2Nyb3BSZWN0VG9wbG9uZwAAAAAAOEJJTQPtAAAAAAAQASwAAAABAAIBLAAAAAEAAjhCSU0EJgAAAAAADgAAAAAAAAAAAAA/gAAAOEJJTQQNAAAAAAAEAAAAeDhCSU0EGQAAAAAABAAAAB44QklNA/MAAAAAAAkAAAAAAAAAAAEAOEJJTScQAAAAAAAKAAEAAAAAAAAAAjhCSU0D9QAAAAAASAAvZmYAAQBsZmYABgAAAAAAAQAvZmYAAQChmZoABgAAAAAAAQAyAAAAAQBaAAAABgAAAAAAAQA1AAAAAQAtAAAABgAAAAAAAThCSU0D+AAAAAAAcAAA/////////////////////////////wPoAAAAAP////////////////////////////8D6AAAAAD/////////////////////////////A+gAAAAA/////////////////////////////wPoAAA4QklNBAAAAAAAAAIAAThCSU0EAgAAAAAABAAAAAA4QklNBDAAAAAAAAIBAThCSU0ELQAAAAAABgABAAAAAjhCSU0ECAAAAAAAEAAAAAEAAAJAAAACQAAAAAA4QklNBB4AAAAAAAQAAAAAOEJJTQQaAAAAAAM5AAAABgAAAAAAAAAAAAABnQAAAScAAAACADFb+AAAAAEAAAAAAAAAAAAAAAAAAAAAAAAAAQAAAAAAAAAAAAABJwAAAZ0AAAAAAAAAAAAAAAAAAAAAAQAAAAAAAAAAAAAAAAAAAAAAAAAQAAAAAQAAAAAAAG51bGwAAAACAAAABmJvdW5kc09iamMAAAABAAAAAAAAUmN0MQAAAAQAAAAAVG9wIGxvbmcAAAAAAAAAAExlZnRsb25nAAAAAAAAAABCdG9tbG9uZwAAAZ0AAAAAUmdodGxvbmcAAAEnAAAABnNsaWNlc1ZsTHMAAAABT2JqYwAAAAEAAAAAAAVzbGljZQAAABIAAAAHc2xpY2VJRGxvbmcAAAAAAAAAB2dyb3VwSURsb25nAAAAAAAAAAZvcmlnaW5lbnVtAAAADEVTbGljZU9yaWdpbgAAAA1hdXRvR2VuZXJhdGVkAAAAAFR5cGVlbnVtAAAACkVTbGljZVR5cGUAAAAASW1nIAAAAAZib3VuZHNPYmpjAAAAAQAAAAAAAFJjdDEAAAAEAAAAAFRvcCBsb25nAAAAAAAAAABMZWZ0bG9uZwAAAAAAAAAAQnRvbWxvbmcAAAGdAAAAAFJnaHRsb25nAAABJwAAAAN1cmxURVhUAAAAAQAAAAAAAG51bGxURVhUAAAAAQAAAAAAAE1zZ2VURVhUAAAAAQAAAAAABmFsdFRhZ1RFWFQAAAABAAAAAAAOY2VsbFRleHRJc0hUTUxib29sAQAAAAhjZWxsVGV4dFRFWFQAAAABAAAAAAAJaG9yekFsaWduZW51bQAAAA9FU2xpY2VIb3J6QWxpZ24AAAAHZGVmYXVsdAAAAAl2ZXJ0QWxpZ25lbnVtAAAAD0VTbGljZVZlcnRBbGlnbgAAAAdkZWZhdWx0AAAAC2JnQ29sb3JUeXBlZW51bQAAABFFU2xpY2VCR0NvbG9yVHlwZQAAAABOb25lAAAACXRvcE91dHNldGxvbmcAAAAAAAAACmxlZnRPdXRzZXRsb25nAAAAAAAAAAxib3R0b21PdXRzZXRsb25nAAAAAAAAAAtyaWdodE91dHNldGxvbmcAAAAAADhCSU0EKAAAAAAADAAAAAI/8AAAAAAAADhCSU0EFAAAAAAABAAAAAI4QklNBAwAAAAACCMAAAABAAAARwAAAGMAAADYAABTiAAACAcAGAAB/9j/7QAMQWRvYmVfQ00AAf/uAA5BZG9iZQBkgAAAAAH/2wCEAAwICAgJCAwJCQwRCwoLERUPDAwPFRgTExUTExgRDAwMDAwMEQwMDAwMDAwMDAwMDAwMDAwMDAwMDAwMDAwMDAwBDQsLDQ4NEA4OEBQODg4UFA4ODg4UEQwMDAwMEREMDAwMDAwRDAwMDAwMDAwMDAwMDAwMDAwMDAwMDAwMDAwMDP/AABEIAGMARwMBIgACEQEDEQH/3QAEAAX/xAE/AAABBQEBAQEBAQAAAAAAAAADAAECBAUGBwgJCgsBAAEFAQEBAQEBAAAAAAAAAAEAAgMEBQYHCAkKCxAAAQQBAwIEAgUHBggFAwwzAQACEQMEIRIxBUFRYRMicYEyBhSRobFCIyQVUsFiMzRygtFDByWSU/Dh8WNzNRaisoMmRJNUZEXCo3Q2F9JV4mXys4TD03Xj80YnlKSFtJXE1OT0pbXF1eX1VmZ2hpamtsbW5vY3R1dnd4eXp7fH1+f3EQACAgECBAQDBAUGBwcGBTUBAAIRAyExEgRBUWFxIhMFMoGRFKGxQiPBUtHwMyRi4XKCkkNTFWNzNPElBhaisoMHJjXC0kSTVKMXZEVVNnRl4vKzhMPTdePzRpSkhbSVxNTk9KW1xdXl9VZmdoaWprbG1ub2JzdHV2d3h5ent8f/2gAMAwEAAhEDEQA/ADKQ0SATwF1BLzihqnUSQ0FxMNaJJPAA5K5zqf1xYyWdNb6hY7W549hA/c/eUeTLDGLmQGTFhnkNQF9+wenTLhB9cOthwO+sgfmlgg67v630fYtjpn1xoyLBTnVjGc7RtoPsn+VPuYoYc5hmaEqPTi0Zp8lmgLoSr9029GVElOfjoe6g5WQ1VbkkMlJPpT//0LDeFJRbKkDGp0A1nwXUF5x5P6wdbtyLbMPGJZTS6LLGOgvI/M9v5u5E6f8AU2/IY1+SPTaQCWASf6qq/VTEbm9YpDzvrqc+90j6W3+b3D+u7cvUMPHEy5syua5vmZzyHXy/qjs9PynK44Yxp/6Ef3i8aPqDVbHsNbe0Olx/rR7GKrn/AOLjKpxXW41nqWDikj6R8GuC9OqxwPzUW2gloMR4KsMk+7Yljx7UHyD6u9VycbIr6ZmGKHbmUufy14Mehu/re1dM4rE+u2A7pP1grzahsoybGZH8kWAxdH/fltWH3GOOy6H4bnOXEbNmP5PP/EsAxZQQK4r+0dWBOqSieUloNF//0bQ4TiJ14SjRILp3nHG+qGFV0vN6jbmuFNVJFDciwRXvJ9T0RZ9H131bLPQZ+l2LqHZ9GLdU2y/OZbkPLai2ssrc4N9Vzdlmz6Nfv97foKWHjVXUsyA0OyKWva3f9GGvqsYNsH3suqZf6n85V+kWi9r3tn7HbLo3DdTGnbf6/wD3xcxmiBmyCiKlKNX+7s9VgJlhxmweKEZ7fvjikzr+sHTQ4UXXGvMdAZjOYRc/d7azTTH6Vtn5llf6L/tu1U2Z1FuZdW/By7bGBhdbY9se9xqa2tzr/S+m36Fb/wBGiUdHtysbPLj6GTlWMtxrGkv9E4+04Ox0M9T0rWOtt9P/AE91a1KBkbt/2WsO/OLbgWgx/KqZZ/4EoxXT815sXbyn1txR19tODjD0bsG0/a2ZX6FzZY17W1PeXVZTnM/Tfq9tn6P+ceqZ+7tC6/NFlOHkZF5by5zgNWgFra6q2Oc1rn2epXR7v0a5GIABWx8H+XLQ9NxAP9bXjcf4uRxYhdyqRP8AdPDwf9GSMjVJS0SWu5T/AP/StSko6wnC6d5xsUZmVjse2h+0WfSEA6/2l0VeQx2J6o1Y5m8D5eS5cStnpdh+yMA4a5w/FZXxbDEQjlAAlxcMiB83FH9L/Edb4Rmn7ksRkTHg4ogn5eGX6P8A4Ymw8rEuZYfRtsZeffNbodoG/Qd/Vb9Ja2PkCzdFb2cCXiJ+GrtyqUenukt1mdFdALjA4WNbtSqtj9ry/XMj1+o2gEmuqGASYlo9ztv9ZyznQrHUjHUcoeFrv71VLl1XLREcOMDbgj/0XlOYkZZshO/HL/pMTyklKSnYn//Ts1tfa9tVbTZY76LGAucf7LVtYn1Vz7odkubjNP5v07Pub+ib/wBuPXTdP6Xh4FIrx6wwEDe7l7j+9bZ9J6t7QtLN8TkTWIcI/elrL/vWhi+HQGuQ8R/dGkXkcnoVVFz6WBxayB6jzLnSA4u0DWV/S2e1v/XEbExm0MNTRpMhbOex3qB7RIcPxCp+mHAyC09ll58uTIfXMy8zo6uDHjxxHBCMe/CNfqrG+kQWBw7HwVseCDXSR7vHlWGNaNXGFCykuZ1HoVGa83SarTy9vf8ArtPtcsXJ+rHVq2G2ljcmvXRhiwR+9U/2/wDbdi7APZ2Bd8FaY0hgB0Pceav8tz2fEBES4oD9CfqH0PzNDmeTw5PUY8Mz+lH0k+YfLttvq+jsd6odsNW07937npx6m/8AkJL0XN6PhZuTRl2NLcnGe17LWQHENO/0rNPfV/rWktL/AEri9u+E+5+50/x/3XP/ANHT464hwfvdf8V//9T1Qd06ixwIn5fMaJwkpjZWHt2n4g+BVV9ZaYIgq6mIBEESPNAi10ZmLSLSQBwm9MAflKuejX4J21sGoGvim8C/3eyOmraAYgDgIySSexkkmypJJJJD/9X0+r/Cc/TPw/s/6/ziKF8rJIlT9VJL5VSQU/VJ4Tr5VSSU/VSS+VUklP1UkvlVJJT/AP/ZADhCSU0EIQAAAAAAXQAAAAEBAAAADwBBAGQAbwBiAGUAIABQAGgAbwB0AG8AcwBoAG8AcAAAABcAQQBkAG8AYgBlACAAUABoAG8AdABvAHMAaABvAHAAIABDAEMAIAAyADAAMQA3AAAAAQA4QklNBAYAAAAAAAcACAEBAAEBAP/hE8FodHRwOi8vbnMuYWRvYmUuY29tL3hhcC8xLjAvADw/eHBhY2tldCBiZWdpbj0i77u/IiBpZD0iVzVNME1wQ2VoaUh6cmVTek5UY3prYzlkIj8+DQo8eDp4bXBtZXRhIHhtbG5zOng9ImFkb2JlOm5zOm1ldGEvIiB4OnhtcHRrPSJBZG9iZSBYTVAgQ29yZSA1LjYtYzEzOCA3OS4xNTk4MjQsIDIwMTYvMDkvMTQtMDE6MDk6MDEgICAgICAgICI+DQoJPHJkZjpSREYgeG1sbnM6cmRmPSJodHRwOi8vd3d3LnczLm9yZy8xOTk5LzAyLzIyLXJkZi1zeW50YXgtbnMjIj4NCgkJPHJkZjpEZXNjcmlwdGlvbiByZGY6YWJvdXQ9IiIgeG1sbnM6YXV4PSJodHRwOi8vbnMuYWRvYmUuY29tL2V4aWYvMS4wL2F1eC8iIHhtbG5zOnhtcD0iaHR0cDovL25zLmFkb2JlLmNvbS94YXAvMS4wLyIgeG1sbnM6cGhvdG9zaG9wPSJodHRwOi8vbnMuYWRvYmUuY29tL3Bob3Rvc2hvcC8xLjAvIiB4bWxuczp4bXBNTT0iaHR0cDovL25zLmFkb2JlLmNvbS94YXAvMS4wL21tLyIgeG1sbnM6c3RFdnQ9Imh0dHA6Ly9ucy5hZG9iZS5jb20veGFwLzEuMC9zVHlwZS9SZXNvdXJjZUV2ZW50IyIgeG1sbnM6c3RSZWY9Imh0dHA6Ly9ucy5hZG9iZS5jb20veGFwLzEuMC9zVHlwZS9SZXNvdXJjZVJlZiMiIHhtbG5zOmRjPSJodHRwOi8vcHVybC5vcmcvZGMvZWxlbWVudHMvMS4xLyIgYXV4OlNlcmlhbE51bWJlcj0iMTUzMDcwNTI0MyIgYXV4OkxlbnNJbmZvPSI1MC8xIDUwLzEgMC8wIDAvMCIgYXV4OkxlbnM9IkVGNTBtbSBmLzEuOCBJSSIgYXV4OkxlbnNJRD0iMjkiIGF1eDpJbWFnZU51bWJlcj0iMCIgYXV4OkZsYXNoQ29tcGVuc2F0aW9uPSIwLzEiIGF1eDpGaXJtd2FyZT0iMS4wLjkiIHhtcDpNb2RpZnlEYXRlPSIyMDE4LTA4LTI5VDE1OjA1OjA3KzA4OjAwIiB4bXA6Q3JlYXRlRGF0ZT0iMjAxOC0wOC0yOVQxNDo0NjozMSIgeG1wOk1ldGFkYXRhRGF0ZT0iMjAxOC0wOC0yOVQxNTowNTowNyswODowMCIgcGhvdG9zaG9wOkRhdGVDcmVhdGVkPSIyMDE4LTA4LTI5VDE0OjQ2OjMxLjA3OCIgcGhvdG9zaG9wOkNvbG9yTW9kZT0iMyIgcGhvdG9zaG9wOklDQ1Byb2ZpbGU9InNSR0IgSUVDNjE5NjYtMi4xIiB4bXBNTTpEb2N1bWVudElEPSJhZG9iZTpkb2NpZDpwaG90b3Nob3A6M2NjZjI5Y2MtYWI1OS0xMWU4LWEyZjYtZmQ1YTlkZWJmMjRiIiB4bXBNTTpJbnN0YW5jZUlEPSJ4bXAuaWlkOmMzN2YzMTk4LWE1ODQtNWY0Ni05ZGY0LWQxNmYzNzNiZmViYyIgeG1wTU06T3JpZ2luYWxEb2N1bWVudElEPSI0NUJGQkZBN0UzN0RGNzg4MEZEQUU1MUM2RjI4N0E0OCIgZGM6Zm9ybWF0PSJpbWFnZS9qcGVnIj4NCgkJCTxwaG90b3Nob3A6RG9jdW1lbnRBbmNlc3RvcnM+DQoJCQkJPHJkZjpCYWc+DQoJCQkJCTxyZGY6bGk+NDVCRkJGQTdFMzdERjc4ODBGREFFNTFDNkYyODdBNDg8L3JkZjpsaT4NCgkJCQk8L3JkZjpCYWc+DQoJCQk8L3Bob3Rvc2hvcDpEb2N1bWVudEFuY2VzdG9ycz4NCgkJCTx4bXBNTTpIaXN0b3J5Pg0KCQkJCTxyZGY6U2VxPg0KCQkJCQk8cmRmOmxpIHN0RXZ0OmFjdGlvbj0ic2F2ZWQiIHN0RXZ0Omluc3RhbmNlSUQ9InhtcC5paWQ6NDhlMTI1MzMtODk0NC1iOTQwLTk3M2MtMDE1MjJhM2QzMTFlIiBzdEV2dDp3aGVuPSIyMDE4LTA4LTI5VDE1OjAwOjM4KzA4OjAwIiBzdEV2dDpzb2Z0d2FyZUFnZW50PSJBZG9iZSBQaG90b3Nob3AgQ0MgMjAxNyAoV2luZG93cykiIHN0RXZ0OmNoYW5nZWQ9Ii8iLz4NCgkJCQkJPHJkZjpsaSBzdEV2dDphY3Rpb249ImNvbnZlcnRlZCIgc3RFdnQ6cGFyYW1ldGVycz0iZnJvbSBpbWFnZS9qcGVnIHRvIGFwcGxpY2F0aW9uL3ZuZC5hZG9iZS5waG90b3Nob3AiLz4NCgkJCQkJPHJkZjpsaSBzdEV2dDphY3Rpb249ImRlcml2ZWQiIHN0RXZ0OnBhcmFtZXRlcnM9ImNvbnZlcnRlZCBmcm9tIGltYWdlL2pwZWcgdG8gYXBwbGljYXRpb24vdm5kLmFkb2JlLnBob3Rvc2hvcCIvPg0KCQkJCQk8cmRmOmxpIHN0RXZ0OmFjdGlvbj0ic2F2ZWQiIHN0RXZ0Omluc3RhbmNlSUQ9InhtcC5paWQ6MzMxMjA1NWUtMmUwOS03ZDRiLTk2ZTAtMzJmMzI5NDI5MzVkIiBzdEV2dDp3aGVuPSIyMDE4LTA4LTI5VDE1OjAwOjM4KzA4OjAwIiBzdEV2dDpzb2Z0d2FyZUFnZW50PSJBZG9iZSBQaG90b3Nob3AgQ0MgMjAxNyAoV2luZG93cykiIHN0RXZ0OmNoYW5nZWQ9Ii8iLz4NCgkJCQkJPHJkZjpsaSBzdEV2dDphY3Rpb249InNhdmVkIiBzdEV2dDppbnN0YW5jZUlEPSJ4bXAuaWlkOjI5Y2ExOWZlLTMzNjUtMWM0ZS05NDlkLTlhODAwZjg1MjE2YSIgc3RFdnQ6d2hlbj0iMjAxOC0wOC0yOVQxNTowNTowNyswODowMCIgc3RFdnQ6c29mdHdhcmVBZ2VudD0iQWRvYmUgUGhvdG9zaG9wIENDIDIwMTcgKFdpbmRvd3MpIiBzdEV2dDpjaGFuZ2VkPSIvIi8+DQoJCQkJCTxyZGY6bGkgc3RFdnQ6YWN0aW9uPSJjb252ZXJ0ZWQiIHN0RXZ0OnBhcmFtZXRlcnM9ImZyb20gYXBwbGljYXRpb24vdm5kLmFkb2JlLnBob3Rvc2hvcCB0byBpbWFnZS9qcGVnIi8+DQoJCQkJCTxyZGY6bGkgc3RFdnQ6YWN0aW9uPSJkZXJpdmVkIiBzdEV2dDpwYXJhbWV0ZXJzPSJjb252ZXJ0ZWQgZnJvbSBhcHBsaWNhdGlvbi92bmQuYWRvYmUucGhvdG9zaG9wIHRvIGltYWdlL2pwZWciLz4NCgkJCQkJPHJkZjpsaSBzdEV2dDphY3Rpb249InNhdmVkIiBzdEV2dDppbnN0YW5jZUlEPSJ4bXAuaWlkOmMzN2YzMTk4LWE1ODQtNWY0Ni05ZGY0LWQxNmYzNzNiZmViYyIgc3RFdnQ6d2hlbj0iMjAxOC0wOC0yOVQxNTowNTowNyswODowMCIgc3RFdnQ6c29mdHdhcmVBZ2VudD0iQWRvYmUgUGhvdG9zaG9wIENDIDIwMTcgKFdpbmRvd3MpIiBzdEV2dDpjaGFuZ2VkPSIvIi8+DQoJCQkJPC9yZGY6U2VxPg0KCQkJPC94bXBNTTpIaXN0b3J5Pg0KCQkJPHhtcE1NOkRlcml2ZWRGcm9tIHN0UmVmOmluc3RhbmNlSUQ9InhtcC5paWQ6MjljYTE5ZmUtMzM2NS0xYzRlLTk0OWQtOWE4MDBmODUyMTZhIiBzdFJlZjpkb2N1bWVudElEPSJ4bXAuZGlkOjMzMTIwNTVlLTJlMDktN2Q0Yi05NmUwLTMyZjMyOTQyOTM1ZCIgc3RSZWY6b3JpZ2luYWxEb2N1bWVudElEPSI0NUJGQkZBN0UzN0RGNzg4MEZEQUU1MUM2RjI4N0E0OCIvPg0KCQk8L3JkZjpEZXNjcmlwdGlvbj4NCgk8L3JkZjpSREY+DQo8L3g6eG1wbWV0YT4NCiAgICAgICAgICAgICAgICAgICAgICAgICAgICAgICAgICAgICAgICAgICAgICAgICAgICAgICAgICAgICAgICAgICAgICAgICAgICAgICAgICAgICAgICAgICAgICAgICAgICAKICAgICAgICAgICAgICAgICAgICAgICAgICAgICAgICAgICAgICAgICAgICAgICAgICAgICAgICAgICAgICAgICAgICAgICAgICAgICAgICAgICAgICAgICAgICAgICAgICAgIAogICAgICAgICAgICAgICAgICAgICAgICAgICAgICAgICAgICAgICAgICAgICAgICAgICAgICAgICAgICAgICAgICAgICAgICAgICAgICAgICAgICAgICAgICAgICAgICAgICAgCiAgICAgICAgICAgICAgICAgICAgICAgICAgICAgICAgICAgICAgICAgICAgICAgICAgICAgICAgICAgICAgICAgICAgICAgICAgICAgICAgICAgICAgICAgICAgICAgICAgICAKICAgICAgICAgICAgICAgICAgICAgICAgICAgICAgICAgICAgICAgICAgICAgICAgICAgICAgICAgICAgICAgICAgICAgICAgICAgICAgICAgICAgICAgICAgICAgICAgICAgIAogICAgICAgICAgICAgICAgICAgICAgICAgICAgICAgICAgICAgICAgICAgICAgICAgICAgICAgICAgICAgICAgICAgICAgICAgICAgICAgICAgICAgICAgICAgICAgICAgICAgCiAgICAgICAgICAgICAgICAgICAgICAgICAgICAgICAgICAgICAgICAgICAgICAgICAgICAgICAgICAgICAgICAgICAgICAgICAgICAgICAgICAgICAgICAgICAgICAgICAgICAKICAgICAgICAgICAgICAgICAgICAgICAgICAgICAgICAgICAgICAgICAgICAgICAgICAgICAgICAgICAgICAgICAgICAgICAgICAgICAgICAgICAgICAgICAgICAgICAgICAgIAogICAgICAgICAgICAgICAgICAgICAgICAgICAgICAgICAgICAgICAgICAgICAgICAgICAgICAgICAgICAgICAgICAgICAgICAgICAgICAgICAgICAgICAgICAgICAgICAgICAgCiAgICAgICAgICAgICAgICAgICAgICAgICAgICAgICAgICAgICAgICAgICAgICAgICAgICAgICAgICAgICAgICAgICAgICAgICAgICAgICAgICAgICAgICAgICAgICAgICAgICAKICAgICAgICAgICAgICAgICAgICAgICAgICAgICAgICAgICAgICAgICAgICAgICAgICAgICAgICAgICAgICAgICAgICAgICAgICAgICAgICAgICAgICAgICAgICAgICAgICAgIAogICAgICAgICAgICAgICAgICAgICAgICAgICAgICAgICAgICAgICAgICAgICAgICAgICAgICAgICAgICAgICAgICAgICAgICAgICAgICAgICAgICAgICAgICAgICAgICAgICAgCiAgICAgICAgICAgICAgICAgICAgICAgICAgICAgICAgICAgICAgICAgICAgICAgICAgICAgICAgICAgICAgICAgICAgICAgICAgICAgICAgICAgICAgICAgICAgICAgICAgICAKICAgICAgICAgICAgICAgICAgICAgICAgICAgICAgICAgICAgICAgICAgICAgICAgICAgICAgICAgICAgICAgICAgICAgICAgICAgICAgICAgICAgICAgICAgICAgICAgICAgIAogICAgICAgICAgICAgICAgICAgICAgICAgICAgICAgICAgICAgICAgICAgICAgICAgICAgICAgICAgICAgICAgICAgICAgICAgICAgICAgICAgICAgICAgICAgICAgICAgICAgCiAgICAgICAgICAgICAgICAgICAgICAgICAgICAgICAgICAgICAgICAgICAgICAgICAgICAgICAgICAgICAgICAgICAgICAgICAgICAgICAgICAgICAgICAgICAgICAgICAgICAKICAgICAgICAgICAgICAgICAgICAgICAgICAgICAgICAgICAgICAgICAgICAgICAgICAgICAgICAgICAgICAgICAgICAgICAgICAgICAgICAgICAgICAgICAgICAgICAgICAgIAogICAgICAgICAgICAgICAgICAgICAgICAgICAgICAgICAgICAgICAgICAgICAgICAgICAgICAgICAgICAgICAgICAgICAgICAgICAgICAgICAgICAgICAgICAgICAgICAgICAgCiAgICAgICAgICAgICAgICAgICAgICAgICAgICAgICAgICAgICAgICAgICAgICAgICAgICAgICAgICAgICAgICAgICAgICAgICAgICAgICAgICAgICAgICAgICAgICAgICAgICAKICAgICAgICAgICAgICAgICAgICAgIDw/eHBhY2tldCBlbmQ9J3cnPz7/4gxYSUNDX1BST0ZJTEUAAQEAAAxITGlubwIQAABtbnRyUkdCIFhZWiAHzgACAAkABgAxAABhY3NwTVNGVAAAAABJRUMgc1JHQgAAAAAAAAAAAAAAAAAA9tYAAQAAAADTLUhQICAAAAAAAAAAAAAAAAAAAAAAAAAAAAAAAAAAAAAAAAAAAAAAAAAAAAAAAAAAAAAAABFjcHJ0AAABUAAAADNkZXNjAAABhAAAAGx3dHB0AAAB8AAAABRia3B0AAACBAAAABRyWFlaAAACGAAAABRnWFlaAAACLAAAABRiWFlaAAACQAAAABRkbW5kAAACVAAAAHBkbWRkAAACxAAAAIh2dWVkAAADTAAAAIZ2aWV3AAAD1AAAACRsdW1pAAAD+AAAABRtZWFzAAAEDAAAACR0ZWNoAAAEMAAAAAxyVFJDAAAEPAAACAxnVFJDAAAEPAAACAxiVFJDAAAEPAAACAx0ZXh0AAAAAENvcHlyaWdodCAoYykgMTk5OCBIZXdsZXR0LVBhY2thcmQgQ29tcGFueQAAZGVzYwAAAAAAAAASc1JHQiBJRUM2MTk2Ni0yLjEAAAAAAAAAAAAAABJzUkdCIElFQzYxOTY2LTIuMQAAAAAAAAAAAAAAAAAAAAAAAAAAAAAAAAAAAAAAAAAAAAAAAAAAAAAAAAAAAAAAAAAAWFlaIAAAAAAAAPNRAAEAAAABFsxYWVogAAAAAAAAAAAAAAAAAAAAAFhZWiAAAAAAAABvogAAOPUAAAOQWFlaIAAAAAAAAGKZAAC3hQAAGNpYWVogAAAAAAAAJKAAAA+EAAC2z2Rlc2MAAAAAAAAAFklFQyBodHRwOi8vd3d3LmllYy5jaAAAAAAAAAAAAAAAFklFQyBodHRwOi8vd3d3LmllYy5jaAAAAAAAAAAAAAAAAAAAAAAAAAAAAAAAAAAAAAAAAAAAAAAAAAAAAAAAAAAAAABkZXNjAAAAAAAAAC5JRUMgNjE5NjYtMi4xIERlZmF1bHQgUkdCIGNvbG91ciBzcGFjZSAtIHNSR0IAAAAAAAAAAAAAAC5JRUMgNjE5NjYtMi4xIERlZmF1bHQgUkdCIGNvbG91ciBzcGFjZSAtIHNSR0IAAAAAAAAAAAAAAAAAAAAAAAAAAAAAZGVzYwAAAAAAAAAsUmVmZXJlbmNlIFZpZXdpbmcgQ29uZGl0aW9uIGluIElFQzYxOTY2LTIuMQAAAAAAAAAAAAAALFJlZmVyZW5jZSBWaWV3aW5nIENvbmRpdGlvbiBpbiBJRUM2MTk2Ni0yLjEAAAAAAAAAAAAAAAAAAAAAAAAAAAAAAAAAAHZpZXcAAAAAABOk/gAUXy4AEM8UAAPtzAAEEwsAA1yeAAAAAVhZWiAAAAAAAEwJVgBQAAAAVx/nbWVhcwAAAAAAAAABAAAAAAAAAAAAAAAAAAAAAAAAAo8AAAACc2lnIAAAAABDUlQgY3VydgAAAAAAAAQAAAAABQAKAA8AFAAZAB4AIwAoAC0AMgA3ADsAQABFAEoATwBUAFkAXgBjAGgAbQByAHcAfACBAIYAiwCQAJUAmgCfAKQAqQCuALIAtwC8AMEAxgDLANAA1QDbAOAA5QDrAPAA9gD7AQEBBwENARMBGQEfASUBKwEyATgBPgFFAUwBUgFZAWABZwFuAXUBfAGDAYsBkgGaAaEBqQGxAbkBwQHJAdEB2QHhAekB8gH6AgMCDAIUAh0CJgIvAjgCQQJLAlQCXQJnAnECegKEAo4CmAKiAqwCtgLBAssC1QLgAusC9QMAAwsDFgMhAy0DOANDA08DWgNmA3IDfgOKA5YDogOuA7oDxwPTA+AD7AP5BAYEEwQgBC0EOwRIBFUEYwRxBH4EjASaBKgEtgTEBNME4QTwBP4FDQUcBSsFOgVJBVgFZwV3BYYFlgWmBbUFxQXVBeUF9gYGBhYGJwY3BkgGWQZqBnsGjAadBq8GwAbRBuMG9QcHBxkHKwc9B08HYQd0B4YHmQesB78H0gflB/gICwgfCDIIRghaCG4IggiWCKoIvgjSCOcI+wkQCSUJOglPCWQJeQmPCaQJugnPCeUJ+woRCicKPQpUCmoKgQqYCq4KxQrcCvMLCwsiCzkLUQtpC4ALmAuwC8gL4Qv5DBIMKgxDDFwMdQyODKcMwAzZDPMNDQ0mDUANWg10DY4NqQ3DDd4N+A4TDi4OSQ5kDn8Omw62DtIO7g8JDyUPQQ9eD3oPlg+zD88P7BAJECYQQxBhEH4QmxC5ENcQ9RETETERTxFtEYwRqhHJEegSBxImEkUSZBKEEqMSwxLjEwMTIxNDE2MTgxOkE8UT5RQGFCcUSRRqFIsUrRTOFPAVEhU0FVYVeBWbFb0V4BYDFiYWSRZsFo8WshbWFvoXHRdBF2UXiReuF9IX9xgbGEAYZRiKGK8Y1Rj6GSAZRRlrGZEZtxndGgQaKhpRGncanhrFGuwbFBs7G2MbihuyG9ocAhwqHFIcexyjHMwc9R0eHUcdcB2ZHcMd7B4WHkAeah6UHr4e6R8THz4faR+UH78f6iAVIEEgbCCYIMQg8CEcIUghdSGhIc4h+yInIlUigiKvIt0jCiM4I2YjlCPCI/AkHyRNJHwkqyTaJQklOCVoJZclxyX3JicmVyaHJrcm6CcYJ0kneierJ9woDSg/KHEooijUKQYpOClrKZ0p0CoCKjUqaCqbKs8rAis2K2krnSvRLAUsOSxuLKIs1y0MLUEtdi2rLeEuFi5MLoIuty7uLyQvWi+RL8cv/jA1MGwwpDDbMRIxSjGCMbox8jIqMmMymzLUMw0zRjN/M7gz8TQrNGU0njTYNRM1TTWHNcI1/TY3NnI2rjbpNyQ3YDecN9c4FDhQOIw4yDkFOUI5fzm8Ofk6Njp0OrI67zstO2s7qjvoPCc8ZTykPOM9Ij1hPaE94D4gPmA+oD7gPyE/YT+iP+JAI0BkQKZA50EpQWpBrEHuQjBCckK1QvdDOkN9Q8BEA0RHRIpEzkUSRVVFmkXeRiJGZ0arRvBHNUd7R8BIBUhLSJFI10kdSWNJqUnwSjdKfUrESwxLU0uaS+JMKkxyTLpNAk1KTZNN3E4lTm5Ot08AT0lPk0/dUCdQcVC7UQZRUFGbUeZSMVJ8UsdTE1NfU6pT9lRCVI9U21UoVXVVwlYPVlxWqVb3V0RXklfgWC9YfVjLWRpZaVm4WgdaVlqmWvVbRVuVW+VcNVyGXNZdJ114XcleGl5sXr1fD19hX7NgBWBXYKpg/GFPYaJh9WJJYpxi8GNDY5dj62RAZJRk6WU9ZZJl52Y9ZpJm6Gc9Z5Nn6Wg/aJZo7GlDaZpp8WpIap9q92tPa6dr/2xXbK9tCG1gbbluEm5rbsRvHm94b9FwK3CGcOBxOnGVcfByS3KmcwFzXXO4dBR0cHTMdSh1hXXhdj52m3b4d1Z3s3gReG54zHkqeYl553pGeqV7BHtje8J8IXyBfOF9QX2hfgF+Yn7CfyN/hH/lgEeAqIEKgWuBzYIwgpKC9INXg7qEHYSAhOOFR4Wrhg6GcobXhzuHn4gEiGmIzokziZmJ/opkisqLMIuWi/yMY4zKjTGNmI3/jmaOzo82j56QBpBukNaRP5GokhGSepLjk02TtpQglIqU9JVflcmWNJaflwqXdZfgmEyYuJkkmZCZ/JpomtWbQpuvnByciZz3nWSd0p5Anq6fHZ+Ln/qgaaDYoUehtqImopajBqN2o+akVqTHpTilqaYapoum/adup+CoUqjEqTepqaocqo+rAqt1q+msXKzQrUStuK4trqGvFq+LsACwdbDqsWCx1rJLssKzOLOutCW0nLUTtYq2AbZ5tvC3aLfguFm40blKucK6O7q1uy67p7whvJu9Fb2Pvgq+hL7/v3q/9cBwwOzBZ8Hjwl/C28NYw9TEUcTOxUvFyMZGxsPHQce/yD3IvMk6ybnKOMq3yzbLtsw1zLXNNc21zjbOts83z7jQOdC60TzRvtI/0sHTRNPG1EnUy9VO1dHWVdbY11zX4Nhk2OjZbNnx2nba+9uA3AXcit0Q3ZbeHN6i3ynfr+A24L3hROHM4lPi2+Nj4+vkc+T85YTmDeaW5x/nqegy6LzpRunQ6lvq5etw6/vshu0R7ZzuKO6070DvzPBY8OXxcvH/8ozzGfOn9DT0wvVQ9d72bfb794r4Gfio+Tj5x/pX+uf7d/wH/Jj9Kf26/kv+3P9t////2wBDAAIBAQIBAQICAgICAgICAwUDAwMDAwYEBAMFBwYHBwcGBwcICQsJCAgKCAcHCg0KCgsMDAwMBwkODw0MDgsMDAz/2wBDAQICAgMDAwYDAwYMCAcIDAwMDAwMDAwMDAwMDAwMDAwMDAwMDAwMDAwMDAwMDAwMDAwMDAwMDAwMDAwMDAwMDAz/wAARCAGdAScDASIAAhEBAxEB/8QAHwAAAQUBAQEBAQEAAAAAAAAAAAECAwQFBgcICQoL/8QAtRAAAgEDAwIEAwUFBAQAAAF9AQIDAAQRBRIhMUEGE1FhByJxFDKBkaEII0KxwRVS0fAkM2JyggkKFhcYGRolJicoKSo0NTY3ODk6Q0RFRkdISUpTVFVWV1hZWmNkZWZnaGlqc3R1dnd4eXqDhIWGh4iJipKTlJWWl5iZmqKjpKWmp6ipqrKztLW2t7i5usLDxMXGx8jJytLT1NXW19jZ2uHi4+Tl5ufo6erx8vP09fb3+Pn6/8QAHwEAAwEBAQEBAQEBAQAAAAAAAAECAwQFBgcICQoL/8QAtREAAgECBAQDBAcFBAQAAQJ3AAECAxEEBSExBhJBUQdhcRMiMoEIFEKRobHBCSMzUvAVYnLRChYkNOEl8RcYGRomJygpKjU2Nzg5OkNERUZHSElKU1RVVldYWVpjZGVmZ2hpanN0dXZ3eHl6goOEhYaHiImKkpOUlZaXmJmaoqOkpaanqKmqsrO0tba3uLm6wsPExcbHyMnK0tPU1dbX2Nna4uPk5ebn6Onq8vP09fb3+Pn6/9oADAMBAAIRAxEAPwDpAoTn8aFYMT7Cmgkjt+NNX5GP/LRDwB6V/oWfw4SMQuD3P60H5sf3jSK2xenPWlmfgbe/PNIB8Q8tzjbj37U8Ng/zxUMbYbBb5fWp1JLZ3DGe1TIRMkiqT15GB71KpBwuCOOxqvG6xrlvpzUg3F8gLtb3rGSAn8zZ/wACHBNIuXXdtCg/mKar7Au75m/nRJPuY7eoGMGosAScKCMYXmmMw3qu3/Jp5GXX5frihlMjL8p3ZxTTAQRiPjCttPPrU6AlWwox1+tR7Rk/xEnBGakK5TO7bjgVLYBGgXJ5Xtk0Mp+8D8ucHio/J3DjgZoEuxhtG3b97nrSsMsKCDz+frUisB97nsaro+F6k8/xdqmjJG3P3u9RJAh7Juf5e3fHelVMpngbunsaQDeNoJ45z60KmUyM7V6j0qBisNvzAZ3Dsehpok2HleV5H1oLkHPB5zRhSeVbrT9QGgbm/vZ64pxxs/kaa25Izyc+tLGVEfPr19aAHoyuV6dPpTQu45PUnvSOPl+XndSufmC7h+HagBsihvbcOnpUezYV+9t7n1FSGT5/0JqPzF3fxY7Y6GqVxDWbhsDH92mebs+8O3WkcANtwu7PGO1CfN23c9T2rRCHTy4dgFHHaoXn3Lj7voBTgzGRtw79fSogjEkN83cYqopDHocD5sNzxx1NO81S+F+93zUe3A5ZsNzkHpUcjqqDcDvzkZ71XLcRMh3nnaRjGO4qOMGcbdo+Xrnr9ab54D/L83YZokl3AbOo4I9aqxQhfduXhe+aKbOWROv+IoqooNytINiKvqM9KI9qQtznj9ac659OnrQw3N94bcdD0rQWw1VKnd82P5UThUi79R0705C0i/7PXmnAKv8Au/zouIaAWYq3Tt7VIsbKeWPsCOlOjdV2/KwK+3JFSdeQ3Hv2rNyAjBUdPpzU1uwGCV79TTFjVsNt2joBSksrFeB9aT7AOmPmHapGOv0ohDSsPmx3we9KjfIy4XB6D09qYUVSu047c9qXkBL5nbjhcip7efzF+bbu9cdagSQbVBG7J5qUNsbhh+VZyWgIliYSPhRnk4I6k0woT1DBvvc1L/q/lX8/WkYfMcfMfT0rMY3K/ex8wpWTfHu6FT1ojTjO72wegp6lh/F+HY0XAai5UdM1PGM7WYE7uMCmAldrHjnHHensWTI/h69KiQCrIAzfMvp070GT5D245aoym1OvzGnouzOfm44qbIA78/e6fUUjcDcG/A96CSo4Xdznihlzt+nemMby3PfsKVYz+Y/Ok2kr97pxg96VmWOIFs9eopiugdcD5ei+oqJn3hl/ujk45FSPJhx7imjbIOnseetNANnb5+m5sA5Bpmerfd29BTjF5W7d24pxXcW9cYPvT0ERDEi8k+xqFBtZv73WrGxXHPGDjHSoZ181+zBeAKuPYBknCD7yjOQM9RSIzNJ8oX6dMGgNubYw4z+dNmk+9t/hPPHNaAOJYDDdM4qFjj3GMjmh7hs+o7ZHWoGck+hzgGtIxAWVXtsblYZG4Z7g9x9aa1wfl27fftxRNK0gXczOyrtTcc4UdBUIYbmVSfm5xWkY6alO19CRpMbgfvdhRUJDbSvyrjqTRVcqFr0LbKDHzjpjmkMe5l756/SnbcquPwqQcR8n6A1nzWEMUFf4dvPr1pZTkgtn8ulOii80DHzAHqe1SSR5J259MCp5tQIcE/xDPtUyfdHr0JJp32dX+6flxj6mnNB+73KAp9OtQ5IBpK7v72DjI4waay/MSW69qlaFouUC7SOaUII+M5bH5GlzARquwq2Rz1NQqjAFfvEHNWgN7gN8q4496jeBWZv4hjJIPehSATZtAwOc8c1LByMHcMHiooEYzNk8dAB3xUsXyt0bbnGfelIETR5ZeuakDED+9Ua7gfm+92x3pZpGRC2zdt5x61kykSqcx/eHPQYpqkFsFl98nGKw/GHjKPwh4cvNWkjZrXTBuvv79vH3kA/i29SByRnHSvB/2gP2rofBq6H4m0XUo7qwuJAZrUx74p4dwQtkc/MrkdwpVSetZVJRpxc5uyWrO7BZbWxU1Ckt9F62vb5n0m9wq2Mk3UKCxJ74qPS79dQ3K0imQSbArHlQRuGfwzXyR4n/AOChmkrc2un210yrNaSmDcRtF1GgZQ7DqrKGGR3H1x5ToH/BSGbSfEelvA1xcC/WS6uIUmDGGbPl+Xk+gzg9w3tXnYjPMuovkqVle9t/T/5Jfee9huC8zrQclTa/p/5M/RAajB9oEPmqkkvChjgt/n9ac2pW8NvNcFttvbozlycKcDJ/LFfmf8ZP+ClfjDRPH8lvZ3FhJ/Z88E6TBRKplR/NGCDhk+bGPr6VtXv/AAUZ1SP4TaTZXVyrX2q2S30o3FVG6RzLGeOnyjYR1DEGvMjxhlEqtSj7Wzp739bW+/Q9B+HeaqnTmknz2tZ9LXv9x+jkUi3MCyRtujkUOrDoQeaTAHysv/Aia+Rfg7/wUk8PzeDPCranJNHJdPLHdyM27YFGI4xnvjAz90YAz1r3jwd+0N4f8UW8jRXyeZ5jOyTME+zocGP6g5Pr1r3cJiqOJipUJqSdno11V1+B81j8ix2Dk1WptK71t2bX6fijv3HXc2MdD60A8c/rWPonjq18UWP2m1bzVC71B4Z1wDuwegOeM1rLMJlLqNq7Qw4611crS1PJlFp2Yqjbnv7GhwNuff8AKlkGf4uMdM01lz144wOM0EA7bR/F064pY2G3rt4zzTJpti/xN/hUbOrENj2680+XQCSRMrztZfeoktTLxuClRkH1+lKGVvQ8011OPlb+lVEe5DKuRu27cdeaY/3eGC57HvUmRjG3PPTPUVWmRSzNzu7D0raIhnmNsYE8H8xUEs2T8qjaRyM1I7bWxwS3vVV3+ZgevbA4rpjEEP8AtLF+o6dPSopLgOR/s5PuRSPJuB+7tx2POahkdmG8AdOD/OtYxRSHzO0iLnJ7k5/pRUDyfL1z79qK0SsPlN6KUhcbelPU/aHZXXO2o9okCqPpUyphNv3ff1rz2QCW63Bb5vLGODipiq7V9B71GQwAA5J689Kc42xrtxu7g1DYEkcaqDt5bqeacgVQNuWA45qPOGb5fvDnjgU+MqSNu7d6HpWbAlEQ2+5pjLv/AIWVvXHelDZxj5Wzkc9acNznj65PapGNIVh/s/yqKRFCcfLjkn+9U5fyx7/xNioTET0Zm5pxERRnyZNvryM880RzMjKPl+VvzqVYgxXb93uTVPWdUTRrOa4mjkeOEbnEab2Ve7Be+OuByRVrUFq7ItG9WEMxbCrlix/g+tebfFv9pTSfhIzNrG6TTZkyrwc5GAG57kE7hg9K8t/aB/bX8N+H9OubWx1DVpLqyePzZNOSN5IA+dvyOwyDjjsQSDtIr4I+Kn7RureOxdQGa4XTbm5+0G0nYGOFwCoZO4yOOMHHXPU/McQcVYHKqb55c0+iWuu2vz+f3M/QOGeBcVmEvaV04w89H8v6/NH158RP+CgMPgrVNSzKLzSdWhmisrvY5t93IktrgehysiOv3Q2Dwa+J/F3xYn1izbS57q4FmlzJc27RSbRbmTHmRqOm0kBs8HcD2Nc/Y69qF9ZT2sc0hs7hxLcRMzfZmcAqCB/ewSM9fyFZ9zoMfksyhjGvAO1lwfqev1r8T4j48xWYpRp+7HXT16X6rS6ulbzsmftmRcI4TLk+WOrtr6bPyeutt/mLP4puikKtM3mwFyhxwGPdf6/Wsy3vbi2EcisyGIny2U8j1/nTZU+ypgMzLjPstR3ZeYxINzDbgDp71+fVsZVn70pPTbX0/wAvwPrKdGMdEiSfVWuGbzDuYBVUntjGAPwqxPevLaqQW2QrtHOdvOcD29qzQx2MzZ2k9h3qxa7nO35ljX5tv9a5/bSbd3vuaqKJLbV5Y0272Cr27L+HpXcaZ8adctQ8MmoXTCZ4nwHIwIzuUe43BT/wGuFuvK3loUVk6nd1/wDrVGitGq+WzMF64z8ua7MJmeJwzvRm16P5fk2YVsLSqq04pn118B/2+NQ8NXtpaahcpHZrb7ZbmVi4XaXdhgctI2do3evYACvsT9nH9tXSPi8jNMG09IIbd1ikk3OzS4yx9NpIAHX1xmvyLiufIEbR7kk2lecce4967n4R/FGbwNqqr9pmi09547q6CHEkrRnKgHtk1+qcL+JWJhUhhswfNDv1V1pr5Pfrvvoj894k8P8ABYunKrQjyz8vJ9u7Wn+Wp+2ek65DrcJmtzuikJAB6jHf6Ec1cZdhHRhnmvjP9kr9vGL4g6pp2n6huspLe2kkmUY+eU4SCFWPB5bpjOE5xmvsDRNYh1TT7dvMjJnUNHtYN53GSw9uv0Fft2FxdDFUViMLLmg/6/A/n/NMoxOX1nQxEbMssg3H361E+5Rvz2wCKnPDNuP6VA6bGPdf7orqieaNTleq7u/1oDeWDnDbe/pUccoCMV+bbz/u1H56vHy3zE5OeK05SRS3ynHrUU75Zd+325605kwc49cEVG43SbtwK/XFaRQFeVtv3unY9Kry8OT1PQ89KtXA6qR8w7VXuPLhDbT9WHSumAFd22M3y8Yxj0qNj+5C8qzHJyeoppPkvy27d3Pc0NJwO74z16Cty0Q3LYG1c+x7UUkxwucsfoOaK0Vh3OlQ7gOQvpnvU0ioE65buKrof+BcYqZYSw+9jPFeXIzJkhXZtX09aJj5ZUbRtzjOKbGmzPVueKJIjj/ZPY9az66gSeUr4X5vYZ6n3ojt8Dvx1zRH0/iOBTXjYnCtu54Pt/jSAmPyhv4vTnp9acgzH7+vrUJG0DHbgkCnKcLs2svOTk1AEq5c8c8Z4pmFCtuDYznIpeIQdql89QDgn6VS1C6/ct5LR7uu58sUz7etOKbdkPoV7/xbY6fciCS5jW4bLRKPmLj6f56V5L8cf2ltO+GltDN9ohls9Q+7KbqJFhYZ6b+qlsgqR0JGQayP2k/jpfeANLvLPUNLhvrV+NtpPG0wGD8yhsBcdSchgDxmvza8U3cnizxTcXSW7LCrvIBM5bYCc5JbtyPmPX3r5Pi7i2nklJcseactle1ttdtT9H4M4I/tR+2rO0Fbazvv5prodP8Atd+MNC+K/jP+2NMtWs5rhd00fmhju6dRwV4/Hg15lp2jrb2wmngaZiN2+Ulto9FXp+J/StwNp6ukzSedax/euNpVWb+5EOrnP0FSJBa+JbVriaO5gslbYd0u3d7BQNxP44A61/NWdZ1PH4qeLqpKUt7aI/ozLsthhMPHD027R2u7v7zmk1xZNyRr5HzBS6fMyjuSRwM9NoHJ9aoeJL+bUJViWKQRgYG8EbfQDt9e5Nej6V4Immt45EhbT9OyCrFBFI/043E+mMfhWlD4Ct7ydUXTZGZv9WJFO5vf2P5mvn6mItuz1qeGlJaI8g0bTJLjzpPJbyYcFsHILdhVqPwtfX87b4HVVBLArtAOepNfQng34BXl7ZmY2flxHiONRkyn+7n8eeMiuqsf2W9U1RWX7HJbWdvwYlj/ANaw6jcx5BPBbnpj2rleNpx+JnZTyqtP4UfKv/CNNa2mxf3hVicgYXpyRVFdB8xWLSn7u3eFOMf5719e6/8AsqXV3CrTW6wQshVUi6OQOuMduMkdvrXBeMP2Zb7TbaVILdpJo2OET5j6nP8AdA9+TTpYyFVrlFWyupSXvI+ef7OWC7O1tyoRnj8v8+9R3b3FvOI2C+V0CqMLjrnj617xr/7NVx4atvMuFk87bkCOMMF7febjH0BNcjqvwrumlWG4tZk3DMZ2fOw7nAHP4YrX6xB/Czmlgaq3izz1bNb8iSPIEg5BOBkf4elTSWKQNDtZXmJIbYdwHsfpXXWvwymw0cMcy7W3uWAAAHf2HXNZk/hpra9m86PauRIcLwoPc+3+NdlGtGWvU56lCUdyh4d12bQL6Z45ZIbiHKjYxUvn3HT619ufsV/tzG61aG11ybddGNLVpnYQ2mkWUS4AUdWLt1I5J59BXw7dWtuLo7RLC4OXR23Aj1Vup+h5+taGjahPpreWuWjSQSPGGwJseuP5V91wnxVicrrrld4dV3/r026X1Pk+IuHMPmVB06q16Pqv6/4fQ/brw74vtfFPhezvrWeOSO8jV42HygKfugA8ngfhWk0qzoNvyjJGfWvgn9mD9uDVLq20vQbzTrlhar++nnnUIqKD829h8ihONozjHAzX2T8PviVa+L9Mtri13xW1wp+ypMRHJMP7+08qn93OMgZPJxX9LZfjsPjaKr4aV0/K359j+Zc6yDFZdVcK0dOmqel9NvvOpkjK9/lI71D5TYyuPTmpWDKpztyRyD/SoZOHx6V3xueCK77UCj5cnpioZ23phtoPT0ApxkKH9ST3qEZJYq3y+hHWtIoBHjYt1zt4z61WuIcttX5j7VNuZeOneo5Fxnb8u489vrW0QKxhEg+9t289OpqGViq/jgHP51Zm2yOq7jxx9KryqiruzyxxgCt4lRZXcNj5V+ZjnJPFFOl4G3OeeDjgUVZpFnQIWHQfKeue1WULEg7sr6dsVSidmb0Xrz2q0p2j5S3I6V50kYFiEgnt9T2FSyqP896jhZVYN7cinyuNylG7YA9K53uMcG+6y7tuMU3Lxn7vfKigDePmOd3UVIXb14XgAnOKnYBk0ru7DbwevGB+FCrlWYk9eM9qcxbPT5eoJ6UinCjCj3o6AVNQvlsLaZ3ZI41Tlnfbivm/9oj4/wCseC7SZtC8SabZKyO8YvIY5UPY7ShZzgnneFxwOc17b8UPENroWiXDSXWobnUqsMCfvpCeyEjr9Oa/Lb9qTxHp9x43ubXTtLj01mmJOLo3E9znnfM4O3/gIHBHPpXz/FWfRynAPEWu3otWnf7v8j7zgbh2OZ4q1T4Vrqk1b5/on8g+Kfx58YfEeJrHWvG99rmjQvsBW0W1W5bOSsS43bR03E9PyrgpL6XX/Lt1LWun7ywRW3SThepZj/D7mq+n6XJeoyB5CG+R3AIA/wBkH8zxjrWlLo629nHFuaGxnIz5YzNegHgA/wAMYPHHBPrX8r5tm2IxtV1K83J+bbt5Xk27fM/p3AZfRwtNU6MVFeSS/BJL8BbA2sMipap9slhIQmRS1vbMw6L03Oc9B2+td/8ADb4OXnic29xeRyTr5nlxE/KMDkkL2UH/ACaq/A34bTfELxkljHZzebCcx2lqn7m0UnHzP1eRj19OevSvur4ffs2W/gvQ7WEWratqUkYhitz8q3Uo65I4SFTyx77cdTXyuMzCFFd2fV5ZlM8Q77LqfOulfs5X3i3U5Pst1MLUFVEkcZE7d8LnpuJznAwMdTxXsHgD9jOHRrbbDCzXUa4aUMX2Ox6BifmbGST2r6Q+H37PzaLZq0+24vJG82eQAqJHPp6L6Adq9F07wUmhwK0iLIVH7tYk3HP+yB39/avlcRmdWb3PtcPlFCmttTxLRvgPb6FDHFHDIzW6g7mUNvb1P09u5o8ZWGlfDu0tV1i7jgkukP2Oxx5lxeFeuyIc7R1LfdHc17WvgfxN4q+XT449EjYcS3A3SY7NtH8sj3NbfgH9kvRtCvZdQkWTUtavAPteqXYEt1PjooJ4jjHZFAUe55rzniXe9R3PR9moq0EkfGTfD/xV8T/EdvPdLLoug4BaGJ9s8qZ+68mPkBOMhQTXotn+y3c6sqQrDb29la5iigtl2rg4JLOclieMk5P519hW3wbsbFI9turBeFJTczev4UqfCi6ju3NisMKy/eEqng4/gA7/AF44rWWYzfux0X9f1cwjg6afM9X3f9fgfImt/spWOg6Esz276lqcy+RawDB289Sf4QO57D1OBXO2v7GsK3V0l2jSXV3ta9lWPfJJjlY416ooOOTj8ycfdeifAAQR7pLi4aZh87QnYfYBjkgdzjBP4CtrT/gja6VaeTa28NrH1Kxj7x7kk8sT6nNTHFtbPUcqMJOzSPzov/8AgmFYePZ1a8t7rSdBXhbe0iWXU9Uk9WY/JHF9Mk4yTXjnxV/4J832gLcNZWsP2WWRlgtXLSSIo4G9+C5OByMAdhX7I2nw08uNRtVtuM8dh6VxPxV+DdvqGheU1ujyElxtGGJJ9fbj8q6sPmlam730OWtluHq6Sjqz+eT4ufBi88FeIlt7i1mtbiPIeJlOAfqQOuO44rmP7OOwypG208E/3GH/AOv8jX6vftq/sU/2/q2h2sNnNqet6sLqWCGEfPbQxIC0suT8sYYoA3QscDJ4r87/AIgfC1vhx4muNIvNuGcyeYVO0nkjAPPG0gjqK+2ynNlVin1Phc3yV0JO2sTym3vbrQ9S3W9xNb3CYfcjEZ9x6EH9a+jv2MfitrD/ABBit18TQxySMJLifV5x5Mg/ur5nDP8AXp1A4rxjxv8AD+6t0eWOHPl4ZlQ8bWGQ6+39KofDnxKPCnjGxvZJri3jimUyNAFaRADyVV/lJ6dccd6/TOFOIp4PGQqN+7dXV2tH+B+e8QZLHFYadJpXadtLn7P6DKZtIhdrqK9ZkGZIuYm4/gPce/erMgG3cq14n+yJ8c9D+IXhpba1vLkTWqEEyzM0E2Tkso27VPPTJPp0zXs0sq+WSrrIpxk5/Wv6hoVYVoKpTd09mtj+T8wwdTC4iVGqmmn1VhJQAnfrnmoNoHctUmBjbyMdD6iog+1v9pR+LV1xOAYzfvMfxN04qGQYbaykluoHSpLiT+63I5OOaqyzj7nP13VtGLKRHIxST5iwXPGOtRT/ADyty2M5waWfDNwTuAyfaq007NIN2T9ODWyL8xWk35wfw9KKhnbHJ6NyMUUyuU6qMGQDHpU0RZWxn7x6ehqBAY1/u7unNSxtsQA7gQeK4JGJaT5zg464ypp2N04HUryCabBKZD261NujEq7eqjHFc70Acpx6jjvSNJJj7o4GM5pSuX/i/wAKa3yHJyuP1rNANy7keuPypYy5LKFT8/60mQ5+Vuvb1pvRmyx2rzgc1YHy3/wUp+J9x4O+GE1rb29vuaQeZcTTlcE8KEA5c99vGa/Oh4/s1x537x5pBukkdeIFPQe7se1fWH/BVnxxbWfxEsdPs4PtF9HEJTPLMsggUnoIwPlJxwTzj1zXy58Obr+1NakeT94lqjSlGxh27Zz6H6cV/O3ipmHts1WHT0ppK3ZvV/P77d+i/p/wzy9UMnhO2s9f61f6eh02jaHHBNbwzyRusKiS5iZjtcnBC8c7f7x74wKbrXna94rSxtpEmumwJJoxtWPPCqPTA4Crwo6ZJJqID+xrCaeZlvLq6YPKwYhWdj+7jGeijn6AE969n/YE+DUPjj4w2bTKt5HZuLu4ldeJZM/KBnnbn8TX45jsQqcHI/WcBhnXqxprqfV37C37Mknw08IxzRwr/al1HkzmPaYFPDHJ6HsO/WvrLwj8PbfQrb5IVMjKqtIw5IHQe2PT+taPgrwjDoGlxxRRrvxlvaujhtGMA2g8jPPevzytipVJOTP1LD4WFKCpxIdK0hQo+Xlhxxya6LSdBTKsI13HqQtN8PaGbtlO0N2NeieH/BzNEvy8Ade5rhlJ9DqmorQ5i18PtKy/KRjviugsNDWJF+7u7g9vwro4/DAi+XaQBV638Pqo+7uHX6VhK5N1Yw7LSiy7do9eO1aMOg5+7Hjj863NP0zDrlW9TtHWti003efu5z2qbsG7HOWXh/cnKnDH9a2LLw0WCsY12t+ddBa6P5aj7vPU/wB01tWulxxwdAzenrXTRpuRx1q8YnD3ehGBOI1C9ziuX1/R1S7ad43lSEYSJBl5n7KueMn8hnPY16lqEAM5+X5T3xWDf6WqOX27m5IPTbnriuiULaGcJdTxHTPhHDBearq2qxwza/rCj7TKnzLBChJjtIiefKjyT/tOWY9Rj8tv+Cu/7Mb+FtQt/GFmhkm80ibanyRkk7R9R3z1r9mdZ0gSR8s20nJHr7Gvmv8Abf8AgZbfFP4M69pzQeYzIPKwOUbn5q6cDinRrKROKwyr0XBn4Y+E9Yttd8OxRy+YupRbo0diArnPyxucYCvyA3QMF6ZNcP8AFXwrY6bOurWH/HjdPteFl+a2k7gjtg9R78cV13xg8GX3wh8VB7eLP2QySGBh8lwmcSwN7MoJHuAR0rF8R+I7e609rWFQV2qbtZeTdWz4MVyp6hlOFb0PPQmv0vB1rpNH5fjKPLJwn0PfP+CZ+kahd+KxGtvLJp7YuPtD/vIMDIO0bsj06ZB5r76V28g71hLZH+rJZcfU1+av7AOuTeEPjRHujtLiz8krPGsvl3GxjnzAmR5iKcblU5A6e/6UW7r5CMrHbIAy8YGD6en41/Wnh9iI1ckpWv7t1r3ufyp4nUJ084blazSat/W4jkO/3SCeePSoJeFB+6c/nSyHcSG+XsOar3NyqkN/zzPFfdRifnQlwVAVsfN9aqvLncMZOBzTnnaVeVBLc5NMcAdCemAPauhaFFWWbaNuD9aZyJuPmXHGO3tTplwRxuwMAkYqMplSBnA+bg1RY253dip5z1+7RTZpRt2/dX+dFFy1c645Iy38PQetOOWHqc+tEMfyjd+napGTdtA445wK4bnMOjl2t/EvYmnfIjfxBv5U+JcfX+VLKqpN8y++fWsb6jHbmcfNu3MM5FRlWdu7enHWptytJ91sHqKci9ewzyKnmsBHGVhA+nfvTg38WVHrSvEHC4OAOhxUXIO35f8AaBPAHufSluI/Pr/gp98M/sniv+27i5uL6e4dna3iwkVsSo2En3AJLHLHgcAV8eWc0mn6dMqn95cEAlB154B9s819ff8ABUTx1Hf69a2cYiWO5PmIn3pZ9hKl/wDZjHbP3iSecCvk/Q7Zpp2mbaoiwVz0Zz90H6DP4mv5o8UZUVnU40t7K/rb/K36H9X+Hqq/2LSdV9NPT8v61Ot8QxzHTtG0K3dgwjF5dSZ3MSRt6+/J/Gv0D/4JXfBhdG8Pya1cKPOmYFQ3JGfX8Mfn+FfB2l2txqWsWiRxf6VqUkexv4oFBChMeuEJP1Ffrt+xV4Pj0f4T6ZCkSx4iVm/2m9T75r8N4hxDUFBdT9q4Xw6dV1ZdD2/TohLZqq53McfSt6w03zHVT06fSqemWnRPQdfU10thpxOPXGQTXxb7H3m2pr+HLBYCqlQqn73rXeaQw8lQO2OFrk9E0/8AebjubHTiuu0OBVaMbclTx7+9bRsjjqSua0MXmDa3b9PrVhrXdGMdcZ6dKmgsj5W7ozd9tWIrZyfmG4549azqR6k05ajtPsujNkdM1qwW6r0+6ppbSyMZ9vc4zVy2suAfxrKMGFSohywAd+OuavW0TPDjsBwSajgtN7YIxjp7VoWllvB/nXXRpu559aorGXe2mJQF3A9c1n6hp+Vz97H6Vu3MIS58tty5HBxwfxqCe0MvGcDtxW8o3CFXRHG6tp6zW7DHuBmuL17Ro9QtLiKWPcu3GCOpNeoa1pZWA9N3Xj+lcnqGnmWF1+62Mbsdq5akbHpUZJxPw7/4KY/ANvCPxg1OSCJpLeKeW5aJuF2N82Qe+NzYXg4Jx0r4I8Q6W+mHYm6OZUZV78Hqoz/CfT3r9sf+Cs3wZuNTs11iGzWfzEYMwGGLqhwM+/Nfj/8AHTw5Do18fL3FhhGaNtyxyYBQYOCDjg+9fb5HiuanZnxfEmB9nV5+5m/APXbkfGLw/JFJcQ3X2qKJWjcLl8gLktxg9+nFfrhpd/NJplus1u0EkaBHjJ+6R3HYj0I7V+OHha4ksfGOnzs+1fNRnZVGGQMOx4yPXj8K/Xn4c3dxceD7Nri7W+zCpWZU27hgEf72fUHmv6s8H8Rz4GvSf2ZJ/ev+Afyv4xYa1XD1e6kvPp/mbE7eb94/Nz09Krz/AHOPxAGDU7yRsgZc5YkNnjH0qoXaNs8/L3/+vX7PE/FRksi4A53Ec8fpTCGGG79weMCiQsWznO71qKTJBO4t7+grQY1txIHPsD6VWm+c/eOV6Y6VNuYNuwqtjHB/Wq9wQz4AO1RxVFojnbK/rzRUbsFOOfmGcUUGmp3Clj2x+FWIw8gwyjCnqaW3VQcFSDjip41BcYzls4FeXKZxjraAMeMn8OKjlhVZ2bcTnA+tW44sKMFtuOtRXMOJPvYx2rFS1KGxKWO7b8x71I8Ydt2MbeNtNUEAtzz2HalXIdvmH+FL0EJjZkcZ6kGoZ7FLxHjk2yRsCGU5wfrjtVggSfL7dxQbcSR7cKwYYI9aL2A/Kn/goHNcTftC61cTMzWcKra2LyHhlUfOw45AJwCOABxXh+kXPnWixsu5ZJeTnmTGMD8hX1J/wVbsY1+Llrg/uZLcJAfK27nzmQKB8qKDjPcnFfK8MIF+sCEjsj4+761/LHiLR9lntdXvd3+9J/hsvKx/XvA9ZVclw80re6l92n/D+dz1z4CWDeJfG9vJtkm3SAEr0j7s34Ada/Z79nDw7/YHwn0qHacPAsmSOgI4r8qf2EfA51nx3aQzW7NHc/MAB8rAnCgfgASPev2W8L+H49J0i0s0X5YYUjx/dwBzX4ZxBVvVUD9x4ao8tBz7m14c09jtZhxmuosbaMOuO/QZrFS6h0jTmlkZY4oEy7E4Cj1zXmfij443E135mlQSvbp/q5ScCU9yB7ep49K8mjh5VHoexiMRyLzPorR7MqygIzKSFG1envXcaDojKqHavPPTpXxev7ZfiLwW4+z6ZLqUjEgBgFVz2VSM8e/X6V0Wgf8ABSHxlpV/GmofD23kst/MtpqSzMF7krtB4PYZr0I5e7HlTxr6o+1LTSNi/MF9BjtVm30xVTdt/TkV5b8H/wBs3w/8SNtvLZ3Wk3WPuzIGifHXa44/A4Ir16x1O1vtrRuCGGQR0P41lVocujHDEX1FS1Gcbct1FWrO1z8rKfU0bfKm4wVxwatxPsc7jzjr61lCmrkVKja0GxW/lyEHA7HirtrZK3X61z/iHxYvhyAysrSFQflHJOOwr52+J/7RfxG8XtLp/h0w+H7bPz3McPn3TH0QN8qjtk+ldlKmt2ctTmex9R61d2OlWbSXM0MUfqxxxXn/AIg+M3h/TLry4tQt3k6hEfLD8q+Pm+BfjD4g6rHc+IPFXi7W51Vg8c9+4t8nsUTaDjtXpvg39nbVtFt/Lk+wxQum0xFXkk9uecevNbezpPqEfaRPctM+I2l+IkMa39uztkf3SPbH+TTtQ08S/Mo3c4/CvI9Q+Bl4FMlrqC29woAKnDYx0yRyK9Q+Hn27+xYre+bfcRjDMD/XvXFiqCteB6WFrOOjPM/2kPhRb/EfwDeWUkKzYG5QR6c/nivwo/b4+CH/AAinjbVIlhaP/ST5ZUZ8wDkMeeGzkH14r+iXW7DZ5sbKOSeK/GX/AIK8eFIfDfxf1KGSPdCzGQqpClS4GMHqPlzz64rpyGpKOI5e5jnSVTDXZ+ZMWmXEUixqrN8+5SM7wT2A+tfp/wDsbePbjx78FbFrqa3mktI0g3IhibcowyvH0DKRjKHafQHIr8+dQ8L79Q8mRPLbaEEwO0TKTgEns3Q+xHvX6M/sstff8Kf0mPUtL+x3dvD5ZuEjAS9UceZ/eVjgZDZ5zgmv6t8Gub29fV2svTfS/mumnV2t1/lnxijFYGlda82jvqtNbd13tt2PQWtggxlSBzUDx+Yw/ugdD6VbddzZLckc56VHLEoX+H5emTX9BRkfzrfQqG32R8YYk4z6VC6lmUD+How/irQa3VsdBkdBUE+1X/2scegrSMrgUJVVX+6Pm4GarXH/AKF/Srro6g4wd3tnFVpU8r1znsK0NlIpXUO05UcHoegFFWLhOWHzdB3oppXNIyZ3UcmXG5t3AGe9SxKBn5e/4ioSjIowvGOanGc/Lt9ea8aXkcZPAiqhX9KiuYxHLz6Zwe1WI3OwfTnjnNRXEmH3NyT3NZReoH5df8FEP+CiXxk+BH7YfjDwn4V8Y/2XoOlfYvstr/ZVjP5XmWVvK/zyQs5y7seWOM4HGBXig/4K3ftCA/8AJQP/AChab/8AI9L/AMFcDn/goT8QP+4d/wCm20r5vr+QOJuJs4pZxi6VLF1YxjVqJJVJpJKbSSSdkl0R/WHDnDuU1cpwtWphacpSpwbbhFttxV221dt9T6QH/BXD9oQf81A/8oWm/wDyPQP+CuP7Qo/5qB7f8gLTf/kevm+ivE/1szv/AKDKv/gyf+Z7X+q+Tf8AQJS/8Fw/yPTvix+2R8SPjjqcN54p8SNqlxbqEib7BbQiNR2AjjUDrzxyeTzXID4n64JN/wBuG718iP8A+JrAory8VmGKxM3VxNSU5PrKTb+9u562Hw9LD01SoRUYrZJJJeiWh6p8M/22fid8HdUjvfDviVdPuomDI5020nwRwOJImFevRf8ABcf9qSE5X4oYP/Yt6R/8i18m0V51SjTm+acU35o9CnjsTBcsKkkvJtfqfVGt/wDBbD9pzxFpslnefE5pbebAdB4f0pN2Oeq2wNZo/wCCwH7RQjVP+FhKyRjAVvD+lsPyNtXzTRTjRprRRX3BLHYl71Jfe/8AM+nrP/gsl+0fp7AwfEKCEr0KeGtJH/trVi2/4LU/tMWf+q+I8UeeoHhrSOf/ACVr5Zop+zj2RP1yv/O/vZ9YWn/BcL9qCxld4fiXDG0n3tvhjRwGPqR9k6+/Wuj03/g4d/bD0e3jhtvi/wCVHHwoHhXRDj87Oviyik6NN7xX3B9crrab+9n3JH/wck/tpxD5fjN+fhHQj/7ZUf8AESV+2pu3f8Ln56f8ijoX/wAhV8N0UvYU/wCVfch/XMR/PL72fbd9/wAHGP7ZWpH998YvM4xz4T0PH/pHVL/iIO/a8z/yVqPPr/wieiZ/9I6+MaKPYU3o4r7kCxmIW05fez7Qi/4OFP2wID8vxd285/5FXRP/AJDq1F/wcX/tlQfd+MQH/cp6Gf8A2zr4lopLD0ltFfcinj8S96kvvf8Amfbi/wDBxr+2Yrbv+Fx89P8AkUtD/wDkKnp/wcd/tnRfd+MgH/co6F/8hV8QUVXsaf8AKvuF9exP/PyX3s+2rr/g4t/bJvP9Z8Yt3/cp6GP/AGzrx340f8FNPjf+0Lr0mp+MPG39r30qqjyf2PYW+4DgDbFAq/pXg9FEKNOD5oRSfkhSxuIkuWU5NerO6b9pPxo8SxtrKsqoYwDZW54P/AP1r0Hw7/wU8+OfhTSo7Kw8dSQ2sKhURtJsJMAAActAT2HevBKK9bB5xj8G28JXnTb35ZSjf1s0eXjMBhsZFQxdONRLVKSUkvvTPoj/AIevfH7H/I+D/wAEem//ACPSf8PWvj7/AND504/5Amnf/I9fPFFeh/rdnv8A0G1v/Bk//kjzv9WMm/6BKX/guH+R9DN/wVX+Pjf8z5/5RNO/+R67L9nX/gpX8bPHv7QfgTQ9W8afatL1rxDp9heQf2PYR+dDLcxo67lgDDKsRlSCM8EV8j16F+yN/wAnXfDH/sbNK/8ASyKu/KuLM8njaMJYyq05xTTqTtuvM4sx4ayiOEqyjhaaajK37uPZ+R+5cyN95eoPIPGKgmTkbuV747VedNpJ69RkHPI71Tlhyvdm/nX9yxZ/IyKskbDufm7+ooqaSINn5sFRwM9KKrTqVzI7GF/MbaeQBnmrC4D/AHe3WokIHTODxz3qTG9F3fLuODg9K8WRiSJIY/mqJ2Bbc24+w71Ls2Nx16HmoZT+8I6YHX0qYjtY/FT/AIK3rt/4KEfED/uHf+m21r5wr6O/4K2DH/BQf4gf9w7/ANNtrXzjX8R8Wf8AI7xn/X2p/wCls/snhf8A5E2E/wCvVP8A9IQUUUV8+e4FFFFABRRRQAUUUUAFFFFABRRRQAUUUUAFFFFABRRRQAUUUUAFFFFABRRRQAUUUUAFeifsiDP7WHww/wCxt0r/ANLIq87r0P8AZG/5Ov8Ahj/2Nulf+lkVejk/+/0P8cf/AEpHDmn+51f8MvyZ+6bx7ctt+UkkkVB5mXO0dTgAelTyHzBw25v0qKRGmfp+tf6BJ9z+KiCZFaPdu9gMf1op0tsA55b5euKKpBodgPmT5dvyn86crZP3SpPBFIqkL82MNyKlih86RULKm7+I9BXiNojyHCNhHx69O9QyriRg2Pm61Yi4xzyO54xULt5kn15Joi3cD8T/APgreMf8FCfiB/3Dv/Tba18319If8FcRt/4KFfEH/uHf+m21r5vr+JeLP+R3jP8Ar7U/9LZ/ZPC//Imwn/Xqn/6Qgooor5890KKKKACiiigAooooAKKKKACiiigAooooAKKKKACiiigAooooAKKKKACiiigAooooAK9E/ZE5/aw+F/8A2Nulf+lkVed16J+yH/ydj8L/APsbdK/9LIq9HJ/9/of44/8ApSOHNP8Ac63+GX5M/dbHloWz3xxUcmGXjdnpgcfnTnk+THK56EdqSGfPXcOOo7mv7/V9z+KRHQ+X19DnPU0Us37zaVXhRjA70VUSbnTqm5cdVxn6VIJMRrwd3Oai8zPQZ7fSnoNiZYdOprx35iJlbzBlvlDHioX5kONv496c7qyH73HQVBKMyNu/iHUURQH4qf8ABXBt/wDwUJ+IB/7B3/ptta+b6/WT9rT/AII+D9qf9oXxB46/4WJ/YP8Abv2b/QRoP2ryPJtooP8AWfaU3bvK3fdGN2OcZPnH/EP3yf8Ai7fTr/xS/wD911/LnEHhvxFic1xOJoYe8J1Jyi+emrpybTs5X1T66n9L5D4hZBhssw+HrYi04U4Ra5JuzUUmrqNt+2h+cVFfo8P+DfjJA/4W1/5a3/3XSj/g33yf+St/+Wt/92V4/wDxC/if/oG/8np//Jnrf8RK4b/6Cf8AySp/8gfnBRX6Qj/g3z+YA/FzGf8AqVun/k3Sn/g3z+9/xdzOOf8AkVuv/k5S/wCIX8Tf9A3/AJPT/wDkw/4iVw5/0E/+SVP/AJE/N2iv2F+G3/BqRZ/Ezw3Bqln+0MqwzDaw/wCEG3GNx95D/wATDqK6hP8Agz2U2jTP+0WsaDpnwH1/8qNfnuMqLC154bEXjODaaad01uj9IwuW4jE0IYnDpShNJxaaaaeqa16n4pUV+xll/wAGmYvL+a3/AOF/hWjYrkeB9273/wCQhWtD/wAGhJmIx+0J/wCWJ/8AfGsJY6gt5fgzb+xcb/J+K/zPxdor9sof+DO8TRbv+GivqP8AhAckf+VGi5/4M6/IXj9opW9R/wAIF0/8qNX9bpNXv+Yf2NjP5PxX+Z+JtFfstL/waPNDcNG37QB+Xv8A8IL/APfCuJ+NX/Bq/wCKPBfhBLnwX8Uo/HGuyTrGNOk8NLpsaJ/FI0xvJMY9AhJ9utZSzHDreX4P/I2p8P4+cuWMP/Jor8W7H5P0V+uHw6/4NRvEWo+HrSTxl8ZNP8L6zcAtJZ2Phs6pDEOw843cJLeo2DHqa7rTf+DQO31G2WRf2jGVWO3/AJJ+Tg/+DGn9eoXtf8H/AJEyyHHp25Pxi/yZ+KtFfsref8Gf3iax8TQxN8ctDm0WRdz3sPhlzOh/64NdLn67xXV2n/Bmkb6IPH+0cSp6Z+H+M/8AlSoWPoN2v+D/AMgnkOOilJw/8mj/AJ6H4f0V+41v/wAGYryyFZP2jvLx/wBSBnP/AJUq0rf/AIMqUuUDL+00CvqPh5/986qOMoy2f4M56mVYqHxR/Ff5n4T0V+7Ev/BlT5Y/5OWzzj/knn/3zqGX/gyz8tf+TlOn/VPf/vnTeMpLr+DJWW4l7R/Ff5n4W0V+tH7SH/Brqv7P+vabp6fHT+2ZNQhedj/whn2fyVVgo4+3vnJz6dK84P8Awb5FV+b4uc+g8Lf/AHXX3GV8B57mOFhjcHQ5qc9U+aCvrbZyT3XVHxObcZ5PluLngMbW5akLcy5Zu10nvGLWzWzPzeor9Hj/AMG/OBn/AIW3x/2K/wD910H/AIN98H/krYwBk/8AFL//AHXXof8AELuJ/wDoG/8AJ6f/AMmed/xEnhz/AKCP/JKn/wAifnDRX6Nf8Q/+IWY/FrGOn/FL9f8Aybph/wCCApBA/wCFscnt/wAIv/8AddP/AIhbxR/0C/8Ak9P/AOTF/wARK4c/6Cf/ACSp/wDIn50V6J+yJz+1h8MP+xt0r/0sir7Qk/4IF+W2P+Fsf+Wv/wDddb3wl/4Im/8ACqPiv4X8Uf8ACzP7Q/4RvVrTVPs3/CO+V9o8iZJfL3/am27tuN2DjOcHpXflvhfxNTxdKrPDWjGUW/fp7Jpv7Zy4/wARuHqmGqU4Yi7cWl7k92n/AHT7k+6/HfvUZfDnPzbT06VYktxu4IyR0PNQum5s7WZe9f2HFn8vEc8vDFs5zxg9KKa0e9W+7170VcRWOux93b95uwoWTJ2/xUyaVtoK9M9hSCQsm0Zznr3ryOViLDbiPTnj3qEL86t91c889aWKbDKWYbQaY0uX3JhuxHrUpMY6VVZlYNwOlBAHufbtQG3j5vvLTsF1GB36iq2JAKuMfnTsqUGeMnvxRt5P9KUncuPvensKkYo4Prk9M06I5J65AxSFmdvm2/jSopY/oM1AzpPhx8Vde+F11JLot35KT8zQuvmQyY6Hae49RzXReJf2qPGXiWxa3e8gtYXyCbeLa2PqScV52dyOvO04prNhypb8q+ex3CeS43E/W8XhadSpp70oJt22vda26XPqMt40z7AYX6lgsZUp09bRjNpK+9tdL76W1uz379lHxVJqGi3lnNK0s9ncbg7tuZlfnJP1zX0Dp7FkXb6V8e/s3+JD4c+JMMMjbYdSQ2+OwYHK/wBfzr670Wf9yp/Dmv5P8YcjWB4hqVIK0KqU1bbXSX/kyb+Z/X3g/nrzLhqipyvOk3TlffR3j/5K46+p0FjJvKxr1ByOcZq5YpCiTS/NufO7Pb6ViRXBSX71S3etGHT5W4bC1+U+20sj9SMXxPexi6fG1e/1rkNUsV1S5U5kj45MTFTTb7XZtQ1Dao+ZmwWPQD2qtqnjTSPDiN9uvljf+6nJf2qeZbs2jzt2gtTrPAHhiG5lHnLvjjGcMckmvStDtolRY1RUXG1eMV4x4S/aF0NZvJFjfwxtj/SNm5R+A7V2cfxf0nT4VuopjqDNh0SBSy49z2PqKJVWjpWDryVrM7q48PobgNJCkmO5HStqBPJh2qBxgDHSuD039oDTbhc3Ol31ui/xcMMVrQ/GTw7qES+VdKrHjax2kGtPaRS1ZwVaGIWkl+p1NrKrS+jA4IPU1rWsirAAoVR04rzy18bwvqMe2YNvwQSfvD29a6+K9yo6jjNTCslscmIoSZpXEo3VWvH8uBt3PFOL7tpJz8vU96z9f1BLLT5JHYLGqlnY9lAyT+QroptydkYU42aPhf8Abn8RnW/2gJrdXUx6bYwwYPZjl2H6ivF5Y/nI9K3vid4vXx/8Qda1psn+0buSVOeiZwn/AI6BXPuwA/D0r/QLhjLXl+U4bBS3hCKfqkr/AI3P8/eLM0WY5zisdD4Z1JNf4b2j+FgYZGP4s4pofavTB6mniXcAD+BpGAYHjHrXvHzpGYznkr06gZzVbb5a5OWZu3arDghAo+XnOc8VHLEEf5TuB960iSVZCoT7nAOKrySx/wD1vSrUr5Vty7R2J6/SqkzgsfQHHTk10wERkKTg7dvYmq7xgnH3uPug89afLw/crnJ/2qTGcbTjPvW8RkU1uUGW696KllUlst8yNyPb2oq+Zhr0NuOfj+LdmnGXcu4nb2PFV1n3jBb5Rzz61KjDKhm+X19a89xJJA24lev0HWoVby33Kcegx1qZJNvPp19qj81RJ978OlKJRJG7PtyqtnNTAgt6Y5FV23QnO5cY6Z7U6KfcmP7vXNS49USTDC4xnpz7mnKeOn6VEzbo8L8xb5qesgk2tzuHFSUBO1Ceq09JG3cH5cdPWmGQFem3Bx9KVDhcjPy+9SMlb94/zemQaa0xxt2rgdxQW284IxQH4b5eMYz61IySwvJNPvIriE7Zbd1kQ/7QOa+0vhf4ui8ZeD7W9jbmeMOR3Vscg/jXxYjGMrkBeMjPevdv2VfEsmm6VPbswa3E2V/2SRzX4v425HTxWTxx/wBujJfOMmk19/K/v7n7t4DZ9Uw2b1MtfwVo39JQu0/nG6fy7Hv7S4BYnJx2o88fZ5FY/KUySewqr9pWSLK9GGeDVfz2kTa38WRiv45rRcZH9iRkpRPlf9rTxl8VJNRVvA8+l6Do1tIUuby5tGuri5PoiAhVX3J5Pp1rifB/gvx1rssFzceItFup2AMiXEMinJ9DnAr7M1nwdb6rZtG8aMpGCpGc1wEnwTh069aS1LKu7ds/u1pSko6SPawOOpU1ZxRynhX4dfERNHMH2XRbhnPEkbOoC+3J5rrLLwd8UtLt4ILbR/CzQ7WaV5r1y3XjCqvP5iu48MR3Gi2axSxsyKONo5rcttcYlcxsu09M810yrUlu/wCvuPWp5lRa/hx/H/5I4WH4TfEjW52a+8ReH9I084KxWth5sq8f3mY5/IVPdfAaxhtdt9qWtatcMNpdnFupPsqAdfrXseiXJ1C2UeXtyM8DGK2bLw5bpKsjRhnXByacqlK3uanm4jObe7GEV6Jfnq/xPCvgv+xrB8Lr671bSbrWoZ9QuzdyW91qEt1Eueyhydg9lwPavou0ZhBGG+8qAHJqe3kjjjPHNV7i5XKqOe9cMo68yPn62InWleZoCb93+HUV4z+2n8QZvB3wV1KOzOLjUCtkXH/LNHOHP5ZH416jcX/kwFs4rwb9uiOSL4JGST78l/DuPpnOBX3Xh/h6dXPsHTrK6dSOno7nxfG1aeHyDG1aTtJUp6rde69j41dQpIG4hRx/SmqTvG7HQ5Jo3qTt5+vpUMr+XIe4PAP+Nf3skz/PtjwAhxnjr9KQv8vOfQkcU0biOTkngAU5SUVs/d+nU1RI2RExt4455qGaQq5VVX+lE7CSPA9O3f0qNZe3+RWkYgxs/KDP4jFVZlUpyu7nn3qxI+Oex79qr42j/Z6Z9a3gS/IhZewbp0FRzKwP3ent0qVU3DarDPb60pf5Rz9zoCOPet+YfqV5Ubyi27j2op0sazJggbc53eporSMktx3L8Jwv8JbPfvUsT5QEdF6mo9mzt6EHPWhTz0UfWuPcjVE8UgduGbp60wDzDuB+6cYzSxjBwV+UnrTVZY2O3aCTjNSMlYKG29e+aeDvI59jimBAIi24+vBotyrjbx7VLKJnmWNdob7o7UIzCPI25xkjPam48uPJIPOBxRENuSPmb09qnSwCiTcwPr+lSiXcCB8rdh60xI1kGOd3enqgRvmwBnvyal2DqSDczYz25pwVgSBjHfBqLDOvzKR7g9aenA68+9ZlEkf7xtq/KDzzXqH7N96w1m9hY/K0akD6H/69eXoNxx068123wH1BbTx7EmM+dEynPY8Hj8q+H8RsJ9Y4axtNdKbl/wCA+9+h994X4z6txTgp95qP/gacf1PpPTdTaFPLZ8j+E1oW13uO786xDHujDLwwwQfWp7OfD5J+vtX8Hyl7Ref9an98ez5dehv/AGraOv8A9arEXkzD5lG7+dY63Xy/55qZJ8yLjjIrkcrbmkYtnVWOmW/k7uOlWrHQ41n3NDuVjwexrP0K98lcZ+93NdBZszzBmbcuN+TxgVruroqKa3Oi0XQ4YodyxqB1qzI6l9qjG2qul6y10jRr90cLgcMPrUsY2hqHJbI5ZRlzPmGO+wtiq08nvzU0z/MQcVWt7NtQn9IwSGPr7URjd3ewr2JdPtG1GTzH/wBVGflH94+v4V45+3tB/wAWJuDnCrewZ+m6veRbbbFlGVGMcHGB7V4f+3fCJP2etUZhuWKaByPX94B/WvsOA63/ABkmBf8A09gvvkkfJcbR5uHscv8Ap1U/9IbPhd2z8uc+nPUVG7ZHf1PpUbSLJN6D60SN8v8Ad6kAdjX+gfLY/wA+RCdh2qe/X2pGlBGAfl/3qRpWVsBcnr9aY5Ujnd7Yq0hBJPg/LsOeBjtUTDyV28hf5059pXGeSevSmM24/wAIHuetaRQmMmudy54VQaga7VwGAO3OD6VLIFL/AN36DrUUqqP4dqrxW0bAOF4uG4+Vz2607zQqKdqjaenqPWq+Mnpn+IHFOGY0xtPPOT60+VFPzHs6sNp2+ozRULuCWO1cHoNtFOzA0VG2Qfe29OamZW3KPl29qj/1ZyPm3YPA6e1OjbYOOh5INcrJHeR87K2fUDPFQxhVlX/ZPpVhNoYEn5QOTUZVUclS20nj1ojICQJ524gAHPX0pzQ+W/CnHTNNWOTCltoDfmaDukT5fyz0qRksZyD/AAnrntTvKDjhuBxzUca717tjqcdKlRlRPvfL296zYx8ceXwv1yaeEHG5dwFRmfJ542+p604SfLjnDVOpRKwLEL90dCRzzSKmG4P3eDxTUlBY47n8qbJL5YLcY6cmpsw82TMdhPP5963vhjdm1+IWlt/C0u0Y7ZB61zbz7Y1kaRdn94nArW+G88l94z02S3V5IobhWeQjauPr3/CvleMMywOFyrEQxlWMeanNJN6tuLWi3f3H23AeS5ljc4wtbAUZTVOpCTkl7qUZJtuT0Wi2vfsfWWmt5kK7vTiiS2aOXd04xjsak0GNbi0X14z61pPbqGyV+XuK/wA9rtO6P9COZPQp2kX2jgNtYdietXo4dr/N1H61GtmB8wx/jViK0eT5VI3fwhu/41pK09XuY35H5FySd4LMlfmXIBHp710GkXb3mmOv3W4J9hWBbWN8Xx9jkkXPRCGzWvpq31sxVdNudp5PGBSUe5brWWh0GhiaIYEg6kj3FdFE/wC7Ve/f61zek2Gp3EufsyxKcfefp+Areh0mSEDzpC3qF6VpGC6nNWrXB4zcPhT8ueTWhaWYhT7vbA9qW1tVztVcccHFWxwMkj5etKUr6HO5DZFzC3fivE/207f7R+zn4nz/AMsYUfnoMSLzXt0cvmRn+Htk9684/aM8ISeMvhBrukxyLDNqNsYkdlyqNkEZ/ED+de3wzioYXN8LiartGFSEm+yUk2/uR5OeYWpicrxOFpq8p05xS7uUWkvvZ+bEzZB256cHpTfM2L6FeFPr9fatDxR4avvBmv3Gm6hbtbXlvyyseGHZge4PrWXISxPOfp3r/RjD1qdanGrSalGSTTTumns01umf534jD1aFWVCtFxnF2aas01umn1Q5ZP5dfU0ySTaR8vPTnqKZIdwZdyhe3HSosGM/7OM5PauiMTnsPM2D8209jz1pjXPzDr9KbuDFgrZ7/WoPO4K8c+vU1qolE32jk/N9Paoy53nt3xUbv8ny8t7npTd37okevBPar5QJfOUfN0GMYx1pRKSuM7e+exquZ90jN7Y/+vTZZS45X6e9FgLBkG5mPPbnoaKoyOyL8vTtzRT5SkdEHVhxn+uak3KwHVjnJ9qrQ3DEDP3VGBinrII2XPG6uRxM7FxNud2MMvQ1CgUscbV55pyDd15+hotYVc88de9Z7BYkG0Hc1SRjc+WX8qjEOOVbr1B7U4SYUnOOM5PSoZViQpyOCPpSeWUk+7XQ/Dz4TeKPizei38OaFqWrsvBlhjxAv+9IcKPzr6I+GP8AwTG1a8RJvGWvQafGcFrLTP38/wBGlbCr+ANeBm3E2W5bpi6yUv5VrL/wFXf36H0WUcJ5rmdnhKLcf5npH/wJ2T+V35HyqdkK/MRt64Jxmuk8I/CXxR48lii0fw5rWo+cflMNqwTHrubA/Wv0Q+Gv7Ffg34cpHJpvhvTfOXB+2alJ9qufqCwIH4AVx/7bfx31b4EQeHfB3gOfTZPHnjSVxbfaYWaPStOiA+0ahjozIWVUQ4DOw7A1+Y5x4yYajFvCUW7dZP8ASN//AEpH6lkvgvWrzjDGV7N9IL/26Xl/dPk3Wf2c7X4YTJb+NNejg1l1En/CP6GFvdQjU8gzuSIoAfVsn0BqjdPDZRNHoPhfS9LXGBc3xOpXn1DPhFP+6mBXfeHPhTB4dtnij86aSVzNc3Nw5kub2ZjlpZXPLOxyeeBnAwABWgPBfzZ2Y59K/Gc68U87xzbnVcI/yw91fhq/m2fuWQ+F/D+WJezoKcv5p+8/lfRfJI8Zg+GIvbmS6vTLPJy7uRljgc4A4/ICuq8D6HjStMufscmntcbZTbyr+8hGeA3vjH0r0i18KLCRgfN1BqaTw1udG24w1fm+MzaviJ89aTbfd3P0rDYelShyU0kuiWiR2HhkZtV9T19q3PJJB496ytAhAt4x/Evcd621Un3Xt714ktzpjLUqrCIgNo49BRHcCNlP8O7pVmQr0/nVa7ixyO3p2pbDlqdp4Tu47rgn5hznrXVQ2yvt2/hXlPh/UptNnX+IZ5Ir0jQNfjuolbuo/CjmXUylR+0joIoltIPm/wD11CZfPk+Ubv5VWluGu5PmZdvoKtwbYwOgX3qua5zctvUmiDImF5Pc07y2fHmHd3ApxOxV6Y7imiUv91eM9SOMUcxKJW5FYHjOza605lP8XbrW+o+Tj8KranafaI29cc1rTetyeax8+/GT9n/Tfifo3k3cJjuIgfIuYxiWE+x9PY8Gvkn4qfs/6/8AC+aSSS1kv9NU4W7gQnA/21HK/XkV+jl3o+Vzt4bt71z3iDwQt2p3KMYwBX6fwT4n5rw8/YQftKF/glsu/K94v711abPg+NPDfKeI4+1rr2da2lSNr+SktpL1s1spJH5jCXzl+TDL1yO1MZ8dfm5/Gvunxb+yv4R8QCb7d4Zs7h5G3tPayNZXSn2kTjHsykV4/wCK/wBg+DXJZrfwXrF7H4iUM8Hh/wAQmKNtTQdfsl0mEkcd45Are+Oa/pbh/wAZOHswcadaTozelpr3b/4ldW82orvY/nDiDwZz7Loyq0FGvBdYP3recX+ScvK584udpI+X3xULuXPoy+3Wrvi7wvqfw88SXGj6/pt9oerWrYks76EwzDIz0PUHqCCQexNZzyEBdv69a/WqdSM4qcGmnqmtU13T6o/KKlGcJOE001uno0+zXQHfLfMq47U1rgTE/wB0Y+lRzAsflxwefeoXBK/L+Q7CtBcpYN1gqy9u3tUbT7Gbb0z3piDI4PbmmTSLIV+b5lHGe9AuUcbwxpnqO6k9KKrSyZ//AFUVRfs0zp4Wwy+5zk8VYVFjBZh97mqsDLNCMjfzjjrUz3yxBVORuIVV6kn0A6kn0rlkQo3LcLqqgY4x+Jp9vMi4/vMdqp1Zz2CjqSfQV7n+zv8A8E7PHnx2EN9qVvN4P8Ov8wuLyHN3Ov8A0yhOMZ/vOQPY19ofA79jbwB+zrtm0jT477W1+9ql9i8vM/7BPyRD2UfnX5vxF4kZTlrdGk/bVV9mL0X+KWqXyu11R+hZB4b5nmCVWsvY031ktWvKOj+9pdVc+Mvgt/wT6+IXxehhvdQto/B+iSgMLrVFInlX/YgHzfi20V9UfCn/AIJ6/Dj4apFNd6fN4s1KPn7Vqx3RBv8AYhXCD9a96ispL19zZ3Z+8x3Mf6D8BWhb6SsPONzep5Nfh+e+I2b5g3F1PZw/lhp98vif328j9oyTgDJ8uSlGn7Sf807SfyXwr5K/mYum+HYrKzjt7eCO2tY+Egt4xDGv4AfyxVn+zFThVjjVf7q/1rYMOF+UfM1Mms/Ktm9MZ+tfCPENu7Z9ryokSzWEfdVflr5e/aw8Crq/7WOg6o0YZrXwjLbxkjpuvATj8hX1aIt4X6V5P+0d4bjk8U+H9Q2nfJb3FkTj7o+WQfyNeRjZOVJr+tz08qny4lP1/I8DbwupXO3dt/WoX8PKOo9D9a9AbRlVTtqndaCD/Dnd1r5upFn10ahxUehYP3eex9abcaWpCrt75rrZNE2n37j19xVG60vY/P8ACentXJKDN41TP0628lOenWtKD5wcfNx29KhW1IY5+7UifumHzEE9DjrWEtDem7k8tnvfcNu7OOnP41DJCsjbW4bp06/59avQSiaL5shv72OarTxeS4Zvu9QfSpNYyb0Y620eOTHqe4Nb3h3SGicMruRnoaq6GqSP1GFP5V0+mRRqc9T7DrUuF9RRqOOhf0y2ZG+7nnnB7VokKF+nGCKg0+TzGwTt/CrEt0qMSME9OvWmkjGUm3YRHYN8w496ljnLybdjLx1J/lVN5z5v3t56BVGdtWLbe46fQZoj5ClGyuy1G2Bipkh8xcY3D6U21iye3A/KrsEe6Ne2ewFdNONzkqTSM59Owfu/kKr3OlZH3eOvSui8jcrf3cD8Khex3J/Liuj2ZjGv3OTuvD6vzsz+Fct8Q/g9ZfEDw/cabeQsFnXMU8TGOa0lH3Jo3HKujYII549CRXqH2Dc20fLu9qclhuZRtyVP51rC6NVX5dUW/DHg3RfjX8JtH/4SzRtJ8QXAtBb3JvrWOcmVPkkPzDjLKTxjrXhvxi/4JJfDXxqZptCj1PwXeMOH02Tz7T8beQnH/AGFfRXwf0z+zPCMnXbcXtzOoPYNK1dPKjMV2lhtbJ9xX3uS8S5pltp4GvKHkm7fNbP5pn5rnWR5fjZyp4qjGau90rr0e6+TPye+Mn/BLH4o/DCOS80e0sfHGlRAsZNJbZdqM97d/mJ/3C1fON5azadqE1rcwXFpeW7FZreeJopoT6MjAEfiK/eiazTzty7o5D3Tv9a87+Pv7JfgX9pPSzb+LdAtby6VdsOpW/8Ao9/bccFJV54/unK+oNfsnD/jfiKbVPOKSnH+aGkvnH4X8uX0PyzOvCXDVE55ZUcH/LLWPye6+fMfigcmX5W4P5Go5A3Hyjdnj3FfSv7Yv/BNrxZ+zBFda1pbXPi3wTGNxvoYv9M00f8ATzEvVR/z1T5f7wWvml5vNTft3AqCD6iv37J86wWaYZYvAVFOD6ro+zW6fk7M/F80yfF5fXeHxcHGS/Fd09mvNfmRyE56/Lnp60VG7EAf3fzxRXqnn2Pc/wBl/wDZR8XftS6u6+H7eKy0SxfZfa1eAraWvqq95JP9lenciv0I/Z8/Yx+Hv7OttDNpulr4l8RIP3mtaogd93fyk+7GPQAZ9zXovhHwlY+F/Ddjoei2NvpOi6ZGIbazt02RxgdyO7HqSeSSa6iw0lY1X5a/kfi/xDx+bSlSjJ06PSCerX99rV+nwrs9z+nuF+BcDlMFVklUrdZNbf4V09d336FOWK81Y4mkcr/dHCj8KtWXh8BVyOB27VqRWaoORnvirEUWO30Ffmk8Q7Wjoj7krwacIh0qQwqDVjBz/wDWoaPJrm529xlZIcMW9entTLmDzIWHfFW/LxSFOcUKfUmxHYp5lrC3+zXLfHLTo5vBP2ph/wAg6dJs45Ck7G/Rq6nTjiF0/wCebkf1qHxXoi+I/DOoae2P9Mt5IRnsWUgH8KzqxveJvRqclRS7M8FuLTBwRjsOOlV5LZVHtUenX8l3pcLTKfOEYWTP94cN+oNNnvT7dPWvAqO259lGLZXurfLfL371nyWO7d6dKuveKVZd3X9KispBKxVjubvXLKzOjlaRn/2dxtxk9RVG/smRfukADvXXw6esrDpkGn6t4bWWAkenasZ076o0p1eVnI6Q+OCPl9PSrk9lvDE/Mre3WobjTXsrv0HT61tWNr56j+IEdR0FcrvszrbV+ZGZZ2phfcu4NnGBXQaedqjaW+bqPelXR8JnaPU4q7a2fIXj6E9KjUqMkyeGVpEXO9txxwcZ/Gr1vbqD8qr9ahhg8sf3qu2i5H3TjrTsZyl2ERFTjH5cH8TVu0t9zH5fwzSQWzSyZ7Y71pWlp5frn+daU4NnLVqWC2t89V69KtRJ5a4/pT4rfa3T3PtU0doG+Zvl+tehTp6aHmzqJ7j7aPKY6+3anPBkfdwCMc9qdHtHT+EcU83P7xa7IxVjlcnfQiNlyv8ASo7pFsrSa4bP7tSw9z2H4kgVaaVQ4+bnpzVUyLq3jHTdJQlto/tC79FjQ4RSP9p8fghrWNNNkuo0rv1Ou8N6X/Yug2lrj5oYwH5/i7/rmr1FFeqtND52UnJ3ZFMN08WOxJP0p8snlrTsYOahRfPcsfu9AKoke0azRFXVWVhhlIyCPTFfB37dX/BJ+HXZL3xf8KbOC11Bt0994cVhHBcnks9r2jk/6Z8I2eNp6/elFe9w7xNj8kxSxWBnZ9U/hku0l19d10aZ5GdZHg80w7w+MjddH1T7p9PyezTR/P7e2E1lc3FvcQyWt1byGKeCWMxywODhkdDgqwPUHmiv2e/aG/YP+Gv7TWojUvEWhiDWwFU6rp8htbyRR/C7KMSDHHzg4HTFFf0TgfG7Jp0YyxMJwn1SSkr+Turr1SZ+LYvwpzKNVrDzhKPRttP5qz19Gz0bTdPC9q1re2AUVHaQbBVqMgpxX8u1ajkz+gBdgpcUUVgAUUUUABFNI606igCnD+71GRe0oyPwqy4+77Gq98PKkWQf8sz+lWfvD61pLowPDfiD4ZOjeKtQt412xvMbiMDgbZPm/Rtw/CuYvtMZvvfN2Fez/Fzw8Lq2t9RVRmD91Of+mbHg/g2PwJrg59HQ54+bpj3rx8VR966PrcuxXPSTe60OBurN4hjnd/Ko0jkVt23a69/WuyvPD/mPnbnvyOlRS6Fh84+uR0ryqlN7M9eNSLRjaZcSFvmG1hwR0rXGpZi2tnK8U5dK2ldw9s+1Nl0lo/m5YdvcVzS5ovQ0jGL0ZTvbBdQGe+Ku6Po+1VFPt7BlYYXd34PP5Vs6Xb4Yfw+m4YNRJ8z1G48q0Ixpm5Pu/Xik/ssRnPP5dK3YrTKjjt1FV549vUfL71Xs+phGtrZGatrsPSrltbEDnkk8Z7U4BY4/8aFvo4PvHtnB4FRyJasuUpNWRo2VsFj9DU6zKvyDG7vz0+tYja6sr7UZmx/d6fnSDVmKrtGF9T0H+NdEK0donNLCzbuzoBdRwR7i2OcjPVjTH1X/AIDt5xnk+9cy2qShzlt2R1PaoheSXUnfI7k8VtGs9kVHL+rOguNY3gbWbrn/APXTv7U8yNsNz71n22mPKAu5vXp0q5Z6Mzt97kd/et487M5QpRRZjvxj5m4HU+wrR+C2nSXmn3/iC5Vhca9NviDdY7ZPliX2yMt/wOq58MNqIWyVvnujtdh/yzi/iP5cD3b2rvLa3js7eOKNVjjjUIqjooHAFephaLXvSPBzLEw5PZw67+i/zf5ElFFFdp4Y2QFxtH4mnAbRRRQAUUUUAFFFFAEVx8qCksn3R0l8fk/CmWJ2vt9q0+yBaooorMAooooAKKKKAI7hPMTFR2En7sxt96Pj6jtVgjIqvPG0UgkX+HqPUVUdVYB93ax3lvJDIoeORSjqejA8GvMtS8PS6Fqhs5DvEY3Quf8AlrH2P+8Oh/A969RVw67h0rM8TaAuv2QC7UuIDvgkYfdb0P8AsnoR/wDWrGpDmVjsweJdKeuz3POxZYzxkdOvSiTTQR0/AmtSSLa8isjRTQtiaJvvIf6g9j0IqCRUfO3PP5fSvPqQXU+kpzb1RmTaYo+Y9Kj/ALNVju+8K1HjyNw7Dn6VWkjCcjIGK5J010R0xqMqppyDkKAWNaNnaqU4Y9euM1XWEuTyD6+9WIHaFCo6VzcqvsXUk2rJk1z5cAA6c9Qax9VvAkuBuPtng1pXUXnZzhm9+9ZN9pck7Y3e4OKiafQrCxje8mQ/amf/AHlqu9lJcn5mGOw6k1oR6fiMbm+px1qaKzCduO/FZKjzbnV7VRd4kFppCrH83PpnoKkuNNWOPLdPryP8KtRjah7j1okjMsX3R8w6etdNOlFKyRh7aXNdsyXssenr7VZ07TS7LuHv9fc1agti865X5fQjoK17K0U9sevv/jXXTopsVbFOMbDrS08tP7x7ZFXWVLCDzJFZskKqr96RjwqqPU9qc8a2du0kkipHGuSx6D/PTHetLw3oklzdJf3iNEVB+zW7f8sQert/tn9Bx616FOktj5/EYhJcz/4cu+HdIbT4Glm2/arjBfByEA6IPYfqcmtOiiuxK2h4M5uUuZhRRRQSFFFFABRRRQAUUUUAVrxvnx7U20PzL9aZNmW5b0WnW3yv+NbfZAuUUUViAUUUUAFFFFABQRmiigCEf6Mx/uE/981NQRkVH/qP9z+VVuBl+KvCq69Es0bLBfQ/6qXGQR/cYd1P6Hke/GyJJFLJHNG0NxCcyRE9B/eB7g+telZzWfrnh6216JVmVlkj5jlQ7XjPsf6Hg1zVqPNqtz0MHjnS9yesfyODlOxlPbpimGIEYznHr2rT1XRbrQmb7Svmwfw3Ea/L/wADH8P16VVMYaFWG1h1BrzKkZRdmfQU60Zq8diqY8P0xxzUiwjt90ClPKc4PqT2p8Ufl4GPc4Nc/LdmspaEYtwCw5/CmvbZYZHyjirGFI+9/wDWpyjjofzqeQXOyoIAj8fU8cfhSrB82OzdRVryy49OKEi5P8XvVxph7QrLF5a/LgnpyPu0sVqVf5vXtUyRYX8e9SRxFlDL37elXGBLqDIEYybW+vvVuN4rW2Mkr+Wi9e+fQAdST6Dk1US5869+zW8LXl1jPloenux6KPr+tdT4f8I/YpVur5lubxeVAH7u39kHr/tHn6dK7qNNs4cViI0172/Yj0HQJLuSK8vYynlnfBbt/wAsz2dv9r0H8P1roKKK74xsrHz9SrKcrsKKKKZmFFFFABRRRQAUUUUAFFFFAGfG/mzS/XFSQDbIPqKr6e/+kXC/xI+KtIcSr9a6JaOwFqiikZsGucBaM801m2vTYjl2/u9qdgJKKKD1pAFFFFABQRkUUUAR7Wh+78y/3fT6f4U9XDjilpCuT70wFYbhWLf+CbS5Zng3Wsjcny/uE+6nj8sVsZZff6U4NmolBSVmaU6s4O8HY5G78GXlv/q/JuAfT5W/I/41m3WmXFkuZIZo9vUlCR+nFegUVzywcHqjup5pUj8STPNd671+ZVz3NTR25D58z5DyAa9Alto5vvxo/wBVBqM6Vat/y7wf9+xWawVup0f2sv5fx/4Bwp+ZfmkVfbOOaMqeVJkz/dGT+ld2um26Di3hX6IKljiWIYVVX6Cq+p+ZLzTtH8f+AcPbaTfXX+rspyD3k/drj8ea0LT4fTTvuvLxljz/AKuD5SR6Fuv5AV1VFaxw8Ec9TMqstI6FXS9HtdFtfKtYI4I85IUfePqT1J9zVqiitzglJt3YUUUUCCiiigAooooAKKKKACiiigAooooAwbW6+y+N7q1b/l4iWVM9+xrTHEtcx8Qbs6F4v0O/6Iztbufr0rprmXy/m7cV1T1UZd1+WhUlsy5UckgD471JniqrtvbJrnirkiyPvb3FTQrtX61AnzSVaAwKctNACmscOtCtliPSlPUVAC0UUUAHeijPNFABRRRQAUFQ1FFACbcdzS0d6KAEJI7UuaCM02P7vNADqKbLJ5a0QjEf15o6XAdRRRQAUUUUAFFFFABRRRQAUUUUAFFFFABRRRQAUUUUAch8atMbU/h5czRf66xK3KY/2Tz+mfyqbwR4kTxZ4MtbpWyzRgP7MOtdB9mW+01oZBujmQow9Qcg14z8C9am0zWtc0PPmW9jMWjYnnqR/Su6iuaDj2ZrFXh6HtLSf6Mv+0BUOflqO2lMtpGf9kU2eTaenaueMbaGRYs1BerVZ+lSs8xz6VoVNRWYDUH7xqdUcbYdvrUlZgFFFFAAOtFIhzn60tABRRRQAUUUUABGaKKKACkHyLS1DPJximtQI3fe1WU+4PpVTNXB0q5gFFFFZgFFFFABSK26lpqDA/GgB1FFFABRRRQAUUUUAFFFFABRRRQB/9k=');
INSERT INTO `user` (`uid`, `username`, `stu_id`, `realname`, `gender`, `date`, `nation`, `nativeplace`, `political`, `college`, `grade`, `majorset`, `eduset`, `phone`, `email`, `eduback`, `ug_exp`, `other_exp`, `image`) VALUES
(2, 'testuser', '02', '李武', 'Male', '1950-01-01', '蒙古族', '', '中共预备党员', '', '', '', '', '', '', '', '', '', ''),
(3, '', '45', '223', 'Female', '1950-01-01', '满族', '', '中共党员', '', '', '', '', '', '', '', '', '', ''),
(4, '快乐吃手手', '545', '尼古拉斯王二', 'Male', '1950-01-01', '汉族', '', '中共党员', '', '', '', '', '', '', '', '', '', ''),
(6, '34………………', '445', '', 'Male', '1950-01-01', '汉族', '', '民盟盟员', '', '', '', '', '', '', '', '', '', ''),
(7, '闪烁', '35', '赵四', 'Male', '1950-01-01', '汉族', '', '', '', '', '', '', '', '', '', '', '', ''),
(8, '闪烁', '33', '赵四', 'Male', '1950-01-01', '汉族', '', '', '', '', '', '', '', '', '', '', '', ''),
(9, '闪烁rfr', '31', '赵四2', 'Male', '1950-01-01', '怒族', '', '', '', '', '', '', '', '', '', '', '', ''),
(10, '闪烁rfr', '36', 'Mike', 'Male', '1950-01-01', '门巴族', '', '', '', '', '', '', '', '', '', '', '', ''),
(11, '闪烁rfre', '41', '赵四233', 'Female', '1950-01-01', '塔吉克族', '', '', '', '', '', '', '', '', '', '', '', ''),
(12, '闪烁rfree', '43', 'Bob', 'Male', '1950-01-01', '乌孜别克族', '', '', '', '', '', '', '', '', '', '', '', '');

--
-- 转储表的索引
--

--
-- 表的索引 `admin`
--
ALTER TABLE `admin`
  ADD PRIMARY KEY (`admin_id`);

--
-- 表的索引 `issue`
--
ALTER TABLE `issue`
  ADD PRIMARY KEY (`issue_id`);

--
-- 表的索引 `project`
--
ALTER TABLE `project`
  ADD PRIMARY KEY (`pid`);

--
-- 表的索引 `section`
--
ALTER TABLE `section`
  ADD PRIMARY KEY (`sid`);

--
-- 表的索引 `testdata`
--
ALTER TABLE `testdata`
  ADD PRIMARY KEY (`id`);

--
-- 表的索引 `user`
--
ALTER TABLE `user`
  ADD PRIMARY KEY (`uid`);

--
-- 在导出的表使用AUTO_INCREMENT
--

--
-- 使用表AUTO_INCREMENT `admin`
--
ALTER TABLE `admin`
  MODIFY `admin_id` int(10) NOT NULL AUTO_INCREMENT, AUTO_INCREMENT=4;

--
-- 使用表AUTO_INCREMENT `issue`
--
ALTER TABLE `issue`
  MODIFY `issue_id` int(10) NOT NULL AUTO_INCREMENT, AUTO_INCREMENT=9;

--
-- 使用表AUTO_INCREMENT `project`
--
ALTER TABLE `project`
  MODIFY `pid` int(10) NOT NULL AUTO_INCREMENT, AUTO_INCREMENT=46;

--
-- 使用表AUTO_INCREMENT `section`
--
ALTER TABLE `section`
  MODIFY `sid` int(10) NOT NULL AUTO_INCREMENT, AUTO_INCREMENT=4;

--
-- 使用表AUTO_INCREMENT `testdata`
--
ALTER TABLE `testdata`
  MODIFY `id` int(11) NOT NULL AUTO_INCREMENT, AUTO_INCREMENT=16;

--
-- 使用表AUTO_INCREMENT `user`
--
ALTER TABLE `user`
  MODIFY `uid` int(10) NOT NULL AUTO_INCREMENT, AUTO_INCREMENT=13;
COMMIT;

/*!40101 SET CHARACTER_SET_CLIENT=@OLD_CHARACTER_SET_CLIENT */;
/*!40101 SET CHARACTER_SET_RESULTS=@OLD_CHARACTER_SET_RESULTS */;
/*!40101 SET COLLATION_CONNECTION=@OLD_COLLATION_CONNECTION */;
